"price","age","parea","tarea","bath","ensuit","garag","plaz","park","trans","kidca","school","health","bike","barb","balc","elev","fitg","party","categ"
1100000,15,150,190,4,1,2,0.08058168675991,0.713280603604046,2.38627088616982,1.41098131510141,0.90281084163739,0.4146473307101,0.213192660814221,0,1,0,1,1,1
895000,11,165,210,4,1,2,0.166350977399202,0.698369429741868,2.2463042755042,1.86259142025088,0.935578984845083,0.256953253289953,0.232552907736251,0,0,0,0,0,1
2513600,2,146,275,4,3,3,0.056075300307782,1.31298240895451,2.63141123658576,1.59149258329169,0.451790979962654,0.232159848962493,0.29709268373883,0,1,0,1,1,1
755000,25,163,238,3,1,2,0.32159391136785,2.1099578144351,2.13870032922267,1.62158566566994,0.447870899093578,0.684844982372294,0.347147013845924,0,0,0,0,0,1
1099000,1,107,189,3,1,2,0.146635111494284,1.01752989223328,1.79789314068881,1.25724299601408,0.884199385339705,0.29900892853083,0.778764506505589,0,0,1,1,1,1
475000,31,96,124,2,1,1,0.126151994692211,1.97002439443697,0.9947105331685,1.09734244570419,0.391538108787666,0.279955462666834,0.296702843724697,0,0,0,0,0,1
463900,2,75,90,2,1,1,0.226499323320072,2.60270091855753,1.46336107678882,1.00645182185992,0.274213703734377,0.635052697903015,0.116963901831598,0,0,0,0,0,1
1320000,1,122,227,3,1,2,0.191244084845678,1.16132870463112,2.81833322924902,1.3903009183453,0.359806241539658,0.380267577006775,0.146160856659568,1,1,1,0,1,1
550000,11,63,87,2,1,1,0.464038458137625,1.99658091827862,1.81847779584046,1.11226391029453,0.447374702477451,0.619284405533894,0.732847881335429,0,0,0,0,0,1
831000,1,97,180,2,1,2,0.19130703109938,2.16658353746788,2.35939907503194,0.677241605310682,0.667053522270131,0.736213915475703,0.197168099765358,1,1,1,1,1,1
979000,3,92,130,2,1,3,0.354176609839682,2.06690943898935,2.20139611836768,1.56273642108241,0.510463745655266,0.731259718571031,0.301174803369092,0,0,0,0,0,1
1817417,3,138,253,3,3,2,0.391930198919354,2.11143713138725,1.73486514673495,1.62284495273263,0.582508726013933,0.095964399416061,0.592922184605189,0,0,0,0,0,1
2892000,3,199,405,5,3,3,0.116161118475816,0.702595976144891,2.42552043994926,1.56004361705712,0.792130261562105,0.255166678857979,0.094541639262651,0,1,0,0,1,0
1050000,11,150,255,3,1,2,0.08058168675991,0.713280603604046,2.38627088616982,1.41098131510141,0.90281084163739,0.4146473307101,0.213192660814221,0,1,0,1,1,1
959000,3,92,130,2,1,2,0.354176609839682,2.06690943898935,2.20139611836768,1.56273642108241,0.510463745655266,0.731259718571031,0.301174803369092,0,0,0,0,0,1
490000,20,86,148,3,1,1,0.120226623090933,2.13096280066493,1.86391075262603,1.58597123795172,0.37583024988294,0.324884306730245,0.516063041483454,0,0,0,0,0,1
1548000,3,139,241,5,3,2,0.357133647736794,2.33207539164718,1.48107361578876,1.45573708753699,0.622325633103137,0.175775637955455,0.530964456622808,1,1,0,1,1,1
2835000,3,199,284,5,3,3,0.115879886507352,0.70886919247923,2.43749769153253,1.54308882689975,0.786540604548986,0.266277639948721,0.077323266027077,0,1,0,1,1,1
850000,38,184,281,2,1,2,0.300681647117442,2.33967190125415,1.45728999108633,1.47790618244202,0.560281290302212,0.197943301453154,0.586701167903554,1,1,0,0,0,1
995000,16,164,206,4,3,2,0.073456421305845,1.44118750294951,2.51904364101902,1.60508254419382,0.452068346439761,0.331000979791353,0.422526746276642,1,1,1,0,1,1
2017000,3,150,215,5,3,3,0.115879886507352,0.70886919247923,2.43749769153253,1.54308882689975,0.786540604548986,0.266277639948721,0.077323266027077,0,1,0,1,1,1
1692000,3,139,241,4,3,3,0.357133647736794,2.33207539164718,1.48107361578876,1.45573708753699,0.622325633103137,0.175775637955455,0.530964456622808,1,1,0,1,1,1
1720000,3,150,215,5,3,3,0.115879886507352,0.70886919247923,2.43749769153253,1.54308882689975,0.786540604548986,0.266277639948721,0.077323266027077,0,1,0,1,1,1
530000,22,78,97,2,1,1,0.212685810894749,0.853026924355391,2.30861269873032,1.27076974704841,0.822428389061657,0.361271769784218,0.184523216144151,0,0,0,0,0,1
1850000,1,158,297,5,2,3,0.342262958132541,2.08042711861761,2.26312757889752,1.49025066174444,0.55841162914631,0.813293744537184,0.218314602838363,0,0,0,0,0,1
1079000,1,107,196,3,1,2,0.146635111494284,1.01752989223328,1.79789314068881,1.25724299601408,0.884199385339705,0.29900892853083,0.778764506505589,1,1,1,0,1,1
1485603,3,155,241,3,3,2,0.391930198919354,2.11143713138725,1.73486514673495,1.62284495273263,0.582508726013933,0.095964399416061,0.592922184605189,0,0,0,0,0,1
979000,16,145,215,4,1,2,0.083185062077087,0.847128384944546,2.42727932889321,1.72658981895396,0.757418911601711,0.316006939466641,0.199452693284925,1,0,0,1,1,1
1358000,3,121,185,3,1,2,0.172248436163588,2.2469463791689,2.14523084387976,1.56801538279996,0.42949374187435,0.794306426282701,0.295706701574107,0,1,0,1,1,1
730000,13,110,128,2,1,2,0.237330180916204,1.94393868851363,0.780185748433624,0.611690153576324,0.437078306033792,0.70726163608,0.259198961592665,0,0,0,0,0,1
1999100,3,115,336,3,1,2,0.32159391136785,2.1099578144351,2.13870032922267,1.62158566566994,0.447870899093578,0.684844982372294,0.347147013845924,0,0,0,0,0,1
1370000,1,128,232,4,3,2,0.072039295943703,1.32305081509526,1.93271022167995,1.41369546010366,0.893659269095436,0.112542238830096,0.174528744491671,1,1,1,1,1,1
680000,23,116,136,3,1,2,0.280054061815906,2.18501025288317,2.04673996108286,1.61513582631787,0.352344643909107,0.630610513624027,0.418050474271696,1,0,0,0,1,1
1140000,3,119,182,3,1,2,0.32159391136785,2.1099578144351,2.13870032922267,1.62158566566994,0.447870899093578,0.684844982372294,0.347147013845924,0,0,0,0,0,1
690000,11,94,176,2,1,2,0.193642777557509,2.20295286716508,1.14136145992083,1.06201564823815,0.642748799924734,0.343095731796148,0.391221187429334,1,1,0,0,1,1
1200000,26,161,253,3,2,2,0.410119604929421,2.06661688449916,1.77384930342154,1.66822530365837,0.614334830415808,0.139371116982838,0.63576735176684,1,0,0,1,1,1
515000,32,107,119,3,1,1,0.497944079121668,2.13367948356258,1.67168923676748,1.55614772828969,0.692391494574398,0.139950421936385,0.657280901891925,0,0,0,1,1,1
1856000,3,150,215,5,3,3,0.115879886507352,0.70886919247923,2.43749769153253,1.54308882689975,0.786540604548986,0.266277639948721,0.077323266027077,0,1,0,1,1,1
1086000,3,113,173,3,1,2,0.32159391136785,2.1099578144351,2.13870032922267,1.62158566566994,0.447870899093578,0.684844982372294,0.347147013845924,0,0,0,0,0,1
2818000,3,188,354,4,3,3,0.121033545815795,0.70646996568421,2.42801292478704,1.55960692126275,0.788226218374427,0.258051392172138,0.094604750058905,0,1,0,0,1,1
2158000,3,172,252,5,3,3,0.115879886507352,0.70886919247923,2.43749769153253,1.54308882689975,0.786540604548986,0.266277639948721,0.077323266027077,0,1,0,1,1,1
1754635,1,150,214,5,3,3,0.121033545815795,0.70646996568421,2.42801292478704,1.55960692126275,0.788226218374427,0.258051392172138,0.094604750058905,1,0,1,1,1,1
975000,5,137,197,3,2,2,0.082800059480173,1.34636979215388,2.80056635830379,1.31193707740356,0.192934048479814,0.47049661208666,0.321656641289281,1,0,0,0,0,1
880000,13,146,232,3,1,2,0.441228622064027,2.77641961206651,1.62078206383092,1.05138337429252,0.259333059867213,0.764884485786805,0.298083640387831,0,0,0,0,1,1
599900,3,93,120,3,1,2,0.206965878336124,2.17419411613805,2.29261131264406,1.44509465078523,0.576894031519301,0.712763424356893,0.14827105432051,0,0,0,0,0,1
1100000,11,164,270,4,3,2,0.044116552548374,1.48093610779959,2.48812933642084,1.60543252599747,0.453665373932864,0.36779366204582,0.460130335148926,0,0,0,0,0,1
950000,9,107,133,2,1,2,0.154333907987221,1.21441935310084,2.81954220743631,1.34856598116224,0.301603098088282,0.416797865111413,0.203597345829829,0,0,0,0,0,1
1005000,1,108,202,2,1,2,0.183589715412109,2.27359494506483,1.24933141580929,1.19951910474715,0.598858816454375,0.239099922666351,0.409580580112594,1,1,0,1,1,1
1320000,8,158,256,5,3,2,0.329264826554688,2.09208410741534,2.24838896766431,1.5037932591793,0.543072730350064,0.803585561976386,0.227562854042672,0,0,0,0,0,1
682500,21,140,178,4,1,1,0.22817129788585,1.7699013062841,2.07184998954267,0.395498381618603,0.783620501415345,0.35524529635563,0.525949859065324,0,0,0,0,0,1
980000,18,144,246,3,2,2,0.083029114157756,0.847338530280783,2.42776937455818,1.72598406858752,0.756877806697395,0.315977446458622,0.198892049526986,1,0,0,1,1,1
1780000,7,162,240,6,3,2,0.101738899142283,0.871862536338807,2.49997796341921,1.62406694193833,0.677720585322548,0.343793982552216,0.101817195355033,1,1,0,1,1,1
2201617,1,171,251,5,3,3,0.121033545815795,0.70646996568421,2.42801292478704,1.55960692126275,0.788226218374427,0.258051392172138,0.094604750058905,1,0,1,1,1,1
2762000,3,188,269,5,3,3,0.115879886507352,0.70886919247923,2.43749769153253,1.54308882689975,0.786540604548986,0.266277639948721,0.077323266027077,0,1,0,1,1,1
890000,41,159,205,2,0,1,0.050266135567831,0.671414244873858,2.44455118166186,1.47880407783196,0.873643051656646,0.318480626576747,0.324136120472072,0,0,0,0,0,1
730000,12,111,146,3,1,2,0.259293719854121,1.95330465222258,0.793438685463818,0.633674004112091,0.459030439850569,0.71967224704457,0.237848737542805,0,1,0,0,1,1
630000,9,80,129,2,1,2,0.110418595254541,1.99835640948962,1.03899878980987,1.14689069705718,0.361827415070934,0.233540989819857,0.337505891938157,1,1,0,1,1,1
1598000,3,139,241,4,3,3,0.357133647736794,2.33207539164718,1.48107361578876,1.45573708753699,0.622325633103137,0.175775637955455,0.530964456622808,1,1,0,1,1,1
959000,1,142,172,3,1,2,0.108905929099821,1.74499528013695,2.76800535423379,1.02295078207352,0.263780341266974,0.821748908585578,0.438465934641433,1,1,0,0,0,1
1421000,2,130,221,5,3,2,0.218488979178458,2.30028094427993,1.65746794643223,1.41250615662702,0.325059718940343,0.228914161142401,0.349421078409862,1,1,0,0,0,1
440000,25,87,121,2,1,1,0.152649065714801,2.25824925560877,1.9328247508741,1.51367753835425,0.244609211324122,0.556229042940355,0.497508398259233,1,0,0,0,0,1
950000,32,150,222,4,1,2,0.115404609086795,1.25373836104762,2.683128258967,1.590038482819,0.465193703167825,0.197444747627516,0.240983626309896,0,0,0,0,1,1
880000,34,184,281,4,1,2,0.285182805418728,2.37930711268341,1.43428370920002,1.4567472210202,0.548627509695952,0.178505272358126,0.576535670973539,1,1,0,1,1,1
320000,41,70,101,2,0,1,0.316661819211712,2.39510036466782,1.41890266145635,1.39223769849219,0.600028174250348,0.21000389506336,0.494522246512904,0,0,0,0,1,1
625000,10,93,166,3,1,2,0.277201569684511,2.14816219168,2.23593916330387,1.50704129340842,0.523135540000389,0.792044727272388,0.213853223920715,0,1,0,1,1,1
2598000,3,172,245,5,3,3,0.115879886507352,0.70886919247923,2.43749769153253,1.54308882689975,0.786540604548986,0.266277639948721,0.077323266027077,0,1,0,1,1,1
475000,30,96,124,2,1,1,0.153861483240209,1.94676552821684,0.952417874420127,1.04546496664315,0.430662756905236,0.327400861306602,0.253469714466213,0,0,0,0,0,1
1299999,1,143,253,4,3,2,0.176661051009386,1.86149779617605,1.90003801420602,0.256505696509737,0.971149885173202,0.259495703728189,0.239967981704901,0,1,0,0,1,1
1197603,1,120,185,3,1,2,0.172248436163588,2.2469463791689,2.14523084387976,1.56801538279996,0.42949374187435,0.794306426282701,0.295706701574107,1,1,1,1,1,1
941000,5,132,225,4,1,2,0.075076355107519,0.71036294498386,2.35227931397589,1.70498666760152,0.826657850655269,0.256838054746826,0.358631862387828,1,0,1,0,0,1
815000,15,112,180,3,1,2,0.294807330112684,1.93213823054172,2.03298549038138,1.78542173398173,0.560182561977072,0.419112659266242,0.71532011335703,1,1,0,0,0,1
550000,31,122,171,3,1,1,0.118274054690895,1.54528444309525,2.36905409589843,1.72939267786098,0.581586684541211,0.398174311873281,0.559282953677297,1,0,0,0,0,1
873000,41,167,258,4,1,3,0.189551220552839,0.419819459208203,2.00206089762777,1.99331650893047,1.17898400803402,0.107552132600491,0.146196821191439,0,0,0,0,1,1
679000,13,96,157,2,1,2,0.05312519249356,1.41521265483618,2.55611273965666,1.57747152432321,0.425010206429034,0.321137206333044,0.389798663103662,0,1,0,1,0,1
585000,25,96,156,3,1,2,0.26998649049932,2.01438075990827,1.90620810293907,1.6980655693956,0.522424385790448,0.285161409240172,0.630427609032425,0,0,1,0,1,1
1340000,7,128,224,3,3,2,0.221156088556443,1.47779840499423,0.518706963264373,0.844057406773828,0.62661285695218,0.444429837056773,0.236253769083506,1,1,0,1,1,1
1090000,8,113,167,3,1,2,0.12336041406426,1.98010547984802,1.02939617321565,1.14935841849794,0.343014026804945,0.243064745432963,0.350407454748275,1,0,0,1,1,1
1779000,7,162,240,5,3,2,0.101738899142283,0.871862536338807,2.49997796341921,1.62406694193833,0.677720585322548,0.343793982552216,0.101817195355033,0,1,1,1,1,1
799000,6,113,114,3,1,2,0.120827180404194,1.97842793526829,1.02960258246583,1.15152341953072,0.339213996121725,0.243082496055703,0.353848963864782,1,1,0,1,1,1
1e+06,7,105,183,3,1,2,0.250614736504365,1.46001453838264,0.569185854264934,0.926121980564912,0.573474306819773,0.499758361073563,0.166717523809312,1,1,0,0,1,1
1150000,5,120,220,4,1,3,0.229428508980235,1.6149272012132,2.25389044050944,1.85539257054127,0.711889969583192,0.463372052030641,0.668310055621866,1,1,1,1,1,1
749000,6,87,140,3,1,2,0.118650795857229,1.54507211526783,2.36906763047432,1.72967763231988,0.581841249918831,0.397917843548914,0.559205959886231,1,1,0,1,1,1
1100000,5,126,242,5,3,2,0.034506614364613,1.56439111882702,0.819899330827879,1.17652663617012,0.351559985198319,0.645904339516256,0.184807583979292,1,1,1,1,1,1
625000,28,104,152,4,1,1,0.329702258679931,0.949798487179696,2.19428794296408,1.16792034054881,0.842034964965109,0.271282024825091,0.170034480536147,0,1,0,1,1,1
310000,40,75,112,2,0,1,0.123952184831786,1.65981420329382,2.27922928316862,1.73897212250853,0.610567007159367,0.513422719157831,0.729127335946434,0,0,0,0,0,1
948990,9,107,133,2,1,2,0.154333907987221,1.21441935310084,2.81954220743631,1.34856598116224,0.301603098088282,0.416797865111413,0.203597345829829,0,0,0,0,0,1
530000,22,78,97,2,1,1,0.212685810894749,0.853026924355391,2.30861269873032,1.27076974704841,0.822428389061657,0.361271769784218,0.184523216144151,0,0,0,0,0,1
490000,6,104,155,3,1,1,0.419204839750797,2.06992911515557,1.76706853090623,1.66733994393405,0.620862372189049,0.135641115194276,0.63793633231108,0,1,1,1,1,1
1200000,23,188,264,5,3,2,0.08649794116249,1.44652000977341,2.49489520081112,1.63944357489752,0.486438514322447,0.322172290489413,0.438671821440909,0,0,0,0,0,1
949000,7,119,159,3,1,2,0.229428508980235,1.6149272012132,2.25389044050944,1.85539257054127,0.711889969583192,0.463372052030641,0.668310055621866,1,1,1,1,1,1
280000,25,72,120,2,1,1,0.327999234895967,1.91598099718585,2.14466309879195,1.70525666564885,0.56842253521158,0.562955762832418,0.530512859058679,0,0,0,0,0,1
1200000,24,164,207,5,3,2,0.050738457532505,1.4182640583504,2.53602173940756,1.60696720332273,0.454375313200021,0.309359075445246,0.401557606578445,1,0,0,0,1,1
1799000,1,153,250,5,3,3,0.124707338348421,1.43743499274445,2.74326125300766,1.29355889870311,0.142747107807268,0.524295244220085,0.678930521456092,1,1,0,1,1,1
995000,20,164,240,4,3,2,0.075833029021026,1.44179252786342,2.51012843155775,1.61942795343765,0.466413753619446,0.32548058745603,0.427584344608845,1,0,1,0,1,1
370000,19,58,98,1,0,1,0.248518803586409,1.23438785907646,2.69388909201769,1.22092453453029,0.262493554423018,0.547454376241804,0.39337909472429,1,0,0,0,1,1
950000,10,108,140,2,1,2,0.170156731304547,1.20830643330409,2.61888072824813,1.81565988842972,0.693755252089246,0.074366427578054,0.363107449751283,1,1,1,1,1,1
1535000,3,139,241,5,3,2,0.357133647736794,2.33207539164718,1.48107361578876,1.45573708753699,0.622325633103137,0.175775637955455,0.530964456622808,1,1,0,1,1,1
590000,22,178,229,2,1,2,0.260118066391874,1.9176285218002,0.760864219635219,0.625783523922952,0.457680403952998,0.686326501198526,0.237197300542296,0,0,0,0,0,1
434900,35,103,130,2,1,1,0.314911317815042,2.03538695300419,2.18654678459521,0.327608301570101,0.878260681736161,0.397317244116425,0.76774701616003,0,0,0,0,0,1
450000,19,83,132,2,1,1,0.173529320190486,2.01715012718849,0.968047806004683,0.982639617865943,0.557748017838079,0.37648506303789,0.136894072164119,1,1,0,0,1,1
2400000,5,160,216,5,3,3,0.044204684092244,0.6963416583796,2.45039181399482,1.44194061762598,0.874634455624516,0.362810763289297,0.278080001573944,0,0,1,1,1,1
630000,9,80,141,2,1,2,0.110418595254541,1.99835640948962,1.03899878980987,1.14689069705718,0.361827415070934,0.233540989819857,0.337505891938157,1,1,1,1,1,1
959000,8,113,154,3,1,2,0.104450795921426,1.99862690216745,1.03296540347912,1.13554321925929,0.374357158380245,0.240583219829314,0.324222538384501,1,1,1,1,1,1
615000,3,100,200,0,1,1,0.192561103208019,1.16039235200651,2.81793572183202,1.38941669934465,0.360090625861152,0.381400812220663,0.146187642490898,0,0,0,0,0,1
960000,10,113,203,3,1,2,0.104450795921426,1.99862690216745,1.03296540347912,1.13554321925929,0.374357158380245,0.240583219829314,0.324222538384501,1,0,1,1,1,1
890000,6,117,142,3,1,2,0.233396502854886,2.6154662832404,1.47537093456768,1.01160862746144,0.265828716742568,0.639640865589909,0.125317460404524,1,0,0,0,0,1
1180000,14,119,247,3,2,3,0.196487086001698,1.58887650414316,2.29040735145804,1.82004237606396,0.674602896629913,0.436323475062722,0.632208421103257,1,1,0,0,1,1
729990,13,110,128,2,1,2,0.333728008525867,2.4863961011388,1.33000336727282,0.846814437814635,0.435765816202889,0.745308574770629,0.231059568457795,1,1,1,0,1,1
750000,1,94,120,2,1,1,0.285561277261794,2.56730797459567,1.77582501076068,1.23922994213766,0.155698661518258,0.709251271736689,0.365609696312314,1,0,0,0,0,1
980000,6,114,205,3,1,2,0.104450795921426,1.99862690216745,1.03296540347912,1.13554321925929,0.374357158380245,0.240583219829314,0.324222538384501,1,1,1,1,1,1
1780000,11,162,239,5,3,2,0.101738899142283,0.871862536338807,2.49997796341921,1.62406694193833,0.677720585322548,0.343793982552216,0.101817195355033,1,1,0,1,1,1
850000,24,143,185,3,1,2,0.372862071867187,2.16071954910758,0.993996857635897,0.641051152481124,0.550509682510369,0.759871638845103,0.497823680726964,1,1,1,0,1,1
1350000,7,158,224,3,2,2,0.329264826554688,2.09208410741534,2.24838896766431,1.5037932591793,0.543072730350064,0.803585561976386,0.227562854042672,0,0,1,1,1,1
1030000,17,150,255,3,1,2,0.082210976455673,0.711790669403689,2.38326642725065,1.41176491345471,0.906880137945611,0.416085087160772,0.210001325211674,0,0,0,0,0,1
980000,19,145,246,3,1,2,0.083185062077087,0.847128384944546,2.42727932889321,1.72658981895396,0.757418911601711,0.316006939466641,0.199452693284925,1,0,1,1,1,1
395000,43,88,120,2,1,1,0.209923290712596,2.45113237231101,1.41377559871515,1.26596686649402,0.468558449095956,0.271408899567257,0.313449434399948,0,0,0,0,0,1
2007000,3,155,254,5,3,3,0.357133647736794,2.33207539164718,1.48107361578876,1.45573708753699,0.622325633103137,0.175775637955455,0.530964456622808,1,1,0,1,1,1
490000,6,92,125,2,1,2,0.233034222936233,2.62526554541203,1.48570286661956,1.02073570159142,0.25565556535461,0.636937309360395,0.126767480010318,0,0,0,0,0,1
1005000,1,107,203,3,1,2,0.183774587120458,2.27376608964056,1.24946397411661,1.19950827950962,0.599035035186078,0.239233338669333,0.409409625563242,1,1,1,1,1,1
8e+05,22,130,221,4,1,2,0.288555461487571,1.27597418935486,2.64897151711575,1.1561259032479,0.23661623245393,0.522741838537902,0.34687901484894,1,0,0,0,1,1
980000,19,145,246,3,1,2,0.083029114157756,0.847338530280783,2.42776937455818,1.72598406858752,0.756877806697395,0.315977446458622,0.198892049526986,1,0,0,1,1,1
1195000,2,118,175,3,1,2,0.269839034717209,1.40130189070863,2.4816986053219,0.938708218761905,0.301417785543567,0.417884973413701,0.226089677984123,1,1,1,1,1,1
1365000,1,145,205,5,3,3,0.40478343583798,1.89999517769027,1.97179608159637,1.8098189278959,0.658709915889937,0.331259130414217,0.75421404306558,0,0,1,1,1,1
337000,10,71,79,2,1,1,0.220751645352002,1.59488161833878,0.429527708338162,0.491909134666883,0.421350518324983,0.355059543381187,0.498460511663433,0,1,0,0,0,1
490000,11,80,125,2,1,2,0.248157652082142,2.6120086304987,1.46913997369296,0.996334280886834,0.278911630427537,0.655756275691575,0.138857019909341,1,0,0,0,0,1
437909,9,64,113,2,1,1,0.482308146416614,1.81795859469948,1.99839506969053,1.68298527960582,0.808519631394304,0.388443518373296,0.874739623695623,1,1,0,0,0,1
1170000,6,155,262,5,3,2,0.034506614364613,1.56439111882702,0.819899330827879,1.17652663617012,0.351559985198319,0.645904339516256,0.184807583979292,1,1,1,1,1,1
599000,11,87,146,2,1,2,0.201879897037969,2.34830533563085,1.26380854408646,1.06359285916199,0.489749901776742,0.431914667183647,0.238164382903416,0,0,0,1,1,1
1850000,8,158,298,5,3,3,0.337054372346665,2.08497505458167,2.25674409669638,1.49622153494893,0.551867112408383,0.808753000768382,0.222569287374909,1,1,1,1,1,1
330000,32,84,123,2,1,1,0.141393581805833,1.84775820492533,0.806305416422273,0.889450475354379,0.542804476841669,0.48671302500552,0.196373125204127,0,0,0,0,0,1
525000,19,112,162,2,1,2,0.460191343326972,1.09339990297257,2.47980341685056,1.15072608673333,0.479706348168729,0.342669873256776,0.238673807247956,0,0,0,0,0,1
730000,12,110,128,2,1,2,0.237330180916204,1.94393868851363,0.780185748433624,0.611690153576324,0.437078306033792,0.70726163608,0.259198961592665,0,0,0,0,0,1
1090000,23,176,217,5,3,2,0.087401600333033,1.28394330818465,2.56081148020192,1.78729144305168,0.649959497910546,0.132561026835822,0.385783747847152,1,1,1,1,1,1
945000,10,113,167,3,1,2,0.054064893642832,1.97726919334267,1.07561058526997,1.23253000649975,0.250443239979724,0.223549540318889,0.557350194581527,1,1,1,0,1,1
5e+05,10,80,100,2,1,2,0.233034222936233,2.62526554541203,1.48570286661956,1.02073570159142,0.25565556535461,0.636937309360395,0.126767480010318,1,0,0,0,0,1
610000,22,91,114,3,1,1,0.221970404640288,0.493660498374089,2.0753609589093,1.94353398004576,1.10311119401521,0.089807065159078,0.128643209841769,0,0,1,0,1,1
630000,12,96,112,2,1,2,0.249233148626195,1.93795478586891,0.777311377746048,0.621543938302426,0.448923337708382,0.703652861704871,0.246227634213619,1,1,1,0,1,1
845000,17,127,146,2,1,2,0.050747203840192,2.18474927182103,1.89911974745046,1.55158891460667,0.296430295450174,0.436194064728304,0.49633327070644,1,1,0,0,1,1
660000,23,120,160,3,1,2,0.354176609839682,2.06690943898935,2.20139611836768,1.56273642108241,0.510463745655266,0.731259718571031,0.301174803369092,1,1,1,1,1,1
580000,22,102,122,3,1,2,0.136809257058451,2.12354029651974,1.98517665925522,1.62618271221393,0.360461171340599,0.496822046628781,0.535369961405198,1,1,1,0,1,1
850000,15,89,122,2,1,2,0.309651078971651,2.06094000287306,1.29725823923586,0.584915472822593,1.17979412068013,0.469378225207929,0.419247906770261,1,1,1,1,1,1
590000,28,152,177,4,1,1,0.211664971847947,1.57011781572929,2.29924556523204,1.83327246096862,0.685339611799434,0.41805095867237,0.622938946650137,0,0,0,0,0,1
1389999,1,122,237,3,1,2,0.191244084845678,1.16132870463112,2.81833322924902,1.3903009183453,0.359806241539658,0.380267577006775,0.146160856659568,0,1,1,0,0,1
640000,10,106,152,3,1,2,0.372585895260935,1.49500041265744,2.21328159551403,0.692414255077595,0.567457725692267,0.31432503551607,0.229076925885905,0,0,1,0,0,1
850000,5,131,161,2,1,2,0.130198941492486,2.21787147365585,1.19732649492846,1.1804051306713,0.560930822017384,0.225672087538116,0.447923154663157,1,0,0,0,0,1
530000,22,78,97,2,1,1,0.283017319622904,1.85355107449803,1.192192134392,0.797610928519336,1.13987975065977,0.260170387520615,0.433308704709715,0,0,0,1,1,1
449000,38,82,118,2,0,2,0.206855451968942,1.85178507161203,0.701233039257682,0.614832666162866,0.460955802409642,0.625289791583313,0.252630353048675,0,0,0,0,0,1
880000,37,183,281,3,1,2,0.300681647117442,2.33967190125415,1.45728999108633,1.47790618244202,0.560281290302212,0.197943301453154,0.586701167903554,1,1,0,0,0,1
1147000,1,131,164,2,1,2,0.234221158546601,1.9306770765085,2.76704021045778,0.985871278363231,0.451426101412513,0.706078307498786,0.336833793191718,1,1,1,1,1,1
959000,3,143,171,2,1,2,0.108466857234109,1.69899595478003,2.76082682226093,1.0353630497057,0.21802597517558,0.790372308505936,0.473038183094104,1,0,0,0,0,1
890000,7,130,167,3,1,2,0.141531368750784,2.60631998886949,1.48403120096186,1.08211401939974,0.231984939771337,0.544188783788445,0.049722693555534,0,0,0,0,0,1
1700000,9,172,206,4,3,2,0.181920078636297,2.03900938131062,1.98223279231483,1.68718862685399,0.445034113737668,0.419309092054565,0.621142031563002,1,0,0,0,1,1
640000,11,107,151,3,1,2,0.372585895260935,1.49500041265744,2.21328159551403,0.692414255077595,0.567457725692267,0.31432503551607,0.229076925885905,0,1,1,0,1,1
619900,10,76,95,2,1,1,0.463775922741871,2.1759027142674,1.65323442936973,1.57583158992879,0.605082590562225,0.05228269339832,0.574358765692386,0,1,1,1,1,1
975000,5,137,197,3,2,2,0.084379885611106,1.34787077980605,2.80082067329644,1.31010940141993,0.190829120924836,0.472560658635791,0.323549588270343,1,1,1,1,1,1
485000,19,95,152,3,1,1,0.253129910780184,2.20165558510627,2.60365299436119,1.13657080909886,0.70800685031844,0.46689416594661,0.215708094264138,0,0,1,0,1,1
730000,13,110,128,2,1,2,0.237330180916204,1.94393868851363,0.780185748433624,0.611690153576324,0.437078306033792,0.70726163608,0.259198961592665,0,0,0,0,0,1
950000,9,107,133,2,1,2,0.193698760901103,1.18901741568041,2.63241728435205,1.82838882693217,0.710965498339435,0.072329191685351,0.364320702434492,1,1,1,1,1,1
1700000,6,160,216,4,3,3,0.044204684092244,0.6963416583796,2.45039181399482,1.44194061762598,0.874634455624516,0.362810763289297,0.278080001573944,1,1,1,1,1,1
575000,34,121,175,2,1,1,0.316451387379741,1.40623603951502,1.67365647550226,0.842525037475712,0.903104150658568,0.149015529231992,0.44829589340384,0,0,0,0,1,1
920000,1,91,179,3,1,2,0.184671083650905,0.837024051300498,2.40326869721608,1.30975110690314,0.761976431717386,0.401780129244631,0.241607360047021,1,1,1,0,1,1
1485602,3,139,229,3,3,2,0.35598553006085,2.33110918486816,1.48141187240722,1.45747197959782,0.620897800677574,0.176507584224335,0.533281930886393,1,1,0,1,1,1
320000,41,78,108,1,1,1,0.279578721294447,2.35726116269728,1.38229082621173,1.37196279410317,0.569529498448796,0.176987908593434,0.501396328373952,0,1,0,0,1,1
569000,17,90,144,2,1,2,0.266462776739589,1.11292909692736,2.21791724823337,1.67343266954026,1.00343325551117,0.211207925717148,0.59247811688301,0,1,1,0,1,1
799000,10,120,181,1,1,2,0.309574644465609,2.06090177988437,1.29723642955255,0.584921631434639,1.17988296178757,0.469295293648509,0.419324684113679,1,0,0,0,0,1
540000,10,88,126,2,1,1,0.129273496304615,1.51204327541324,0.697447309170467,1.05244575696331,0.452869264730217,0.630487466495329,0.179149345107741,1,0,0,0,0,1
615000,18,96,138,3,1,1,0.393797645750524,2.10947452697748,1.73612386569648,1.62508945481621,0.584853473772567,0.097605836892007,0.595376255858565,0,1,1,0,1,1
798999,7,107,124,3,1,2,0.317082213297328,1.91659851868717,2.0298975882165,1.7983909549842,0.582365728321516,0.406956689319739,0.728004849414214,1,1,1,1,1,1
1920000,3,133,254,4,3,3,0.16134374410055,1.40308511156823,2.67337352799757,1.10176763991492,0.127152662340254,0.581743254968879,0.391570127772143,1,1,0,1,1,1
490000,10,80,100,2,1,2,0.197705514472335,2.61194477859671,1.47839575655334,1.0385804663923,0.248651215193124,0.602868094466038,0.092119527748364,0,0,0,0,0,1
850000,25,143,185,2,1,2,0.308388262729871,1.88434273846685,2.11023140687813,1.77977682666025,0.59761148584001,0.499856493118004,0.625275286602264,1,0,1,0,1,1
985000,19,161,244,3,1,2,0.168905155367107,2.05204229229525,0.997553722533625,0.995155443664027,0.577201530713466,0.369988897164419,0.137590413183509,1,0,0,0,1,1
450000,43,90,135,3,1,1,0.188145086120491,1.02601015835015,2.64899389814099,1.54452667957936,0.534003496650459,0.27585170338375,0.030830062624687,0,0,0,0,0,1
999000,28,159,189,4,1,2,0.045105095171187,1.29929797034712,2.77412844342721,1.39566678592523,0.27913109039437,0.382570131774266,0.257590203669384,1,1,0,0,0,1
1111600,1,108,202,2,1,2,0.188652520149691,2.27280148279326,1.24147193536002,1.1802751767454,0.612489785351193,0.257932021414118,0.395020717841612,1,1,1,0,1,1
799000,8,97,127,2,1,2,0.369349514996601,1.02161835288398,2.35415658681546,1.13999601564237,0.630425679435635,0.25178397896375,0.252361872984495,1,1,0,0,1,1
395000,1,88,120,0,1,0,0.209923290712596,2.45113237231101,1.41377559871515,1.26596686649402,0.468558449095956,0.271408899567257,0.313449434399948,0,0,0,0,0,1
680000,11,99,124,3,1,1,0.4947199689599,2.14256020737267,1.670657657792,1.58472459200413,0.662127935030579,0.110478751437937,0.630834954051179,1,1,0,0,0,1
680000,1,94,116,2,1,2,0.108124418158763,2.18184764184143,1.81171105084954,1.5335184592367,0.3391997427207,0.300899840309991,0.4632275297096,1,0,0,0,0,1
450000,40,81,134,2,0,1,0.18526894977513,1.2051799157132,2.78121061568151,1.31779788956448,0.297788674260843,0.449354204540705,0.217731195196259,0,0,0,0,1,1
550000,32,123,172,0,1,1,0.169680011433508,1.54948080116698,2.33866118846402,1.78336495308435,0.634697035284903,0.397356321646331,0.584405905705337,0,0,0,0,0,1
1855000,1,153,255,5,3,3,0.315344791043684,0.975976497732737,2.67482526464996,1.36993546706833,0.519244205287762,0.507364522355838,0.012363096987791,0,0,1,1,1,1
598000,25,103,162,2,2,1,0.16232368024908,0.85553447575142,2.36977418308908,1.83188517975371,0.83461682292863,0.300588965177942,0.33690254789797,0,0,0,0,0,1
550000,1,63,77,2,1,1,0.141843736997662,1.51849954197349,2.38491818152808,1.73895366671363,0.588460763256492,0.369736260054379,0.540004951329733,0,0,0,0,0,1
1490079,1,145,283,4,3,3,0.49002244002724,1.84837842356891,1.97321098474822,1.6901918938798,0.776962279338986,0.357359035667704,0.84152574259638,0,0,0,0,0,1
1700000,4,133,172,4,2,2,0.145742935744259,1.42038876145713,2.71103862430587,1.12707172553685,0.090999436167156,0.620699699885302,0.719289562125562,1,1,0,0,0,1
450000,1,74,109,1,0,1,0.413839960748963,1.29178662390797,1.93007053947039,0.838982752312202,0.899522428152512,0.210352716169397,0.466979005913155,0,0,0,0,0,1
950000,40,150,222,2,1,2,0.114797816209495,1.25383795607466,2.6810163596685,1.59354095271095,0.468419847679129,0.194612125198397,0.242724502635972,1,0,0,0,0,1
240000,40,58,75,1,0,1,0.118990545094563,2.51279889947263,1.39562109268331,1.04194873759657,0.321123945049432,0.530243589378918,0.047362307985511,0,0,0,0,0,1
249000,20,64,101,1,0,1,0.204467325787479,1.90310298519337,0.870763910913211,0.942080620709825,0.514997161058432,0.425270931492037,0.18205620075259,0,0,0,0,0,1
739000,23,130,221,4,1,2,0.266115928592686,1.27569599976226,2.67062074666364,1.17515273719541,0.228902571021103,0.543341640748874,0.368470182579495,1,1,0,0,1,1
1200000,25,160,253,4,2,2,0.410119604929421,2.06661688449916,1.77384930342154,1.66822530365837,0.614334830415808,0.139371116982838,0.63576735176684,1,1,1,1,1,1
995000,23,164,207,4,3,2,0.08649794116249,1.44652000977341,2.49489520081112,1.63944357489752,0.486438514322447,0.322172290489413,0.438671821440909,0,0,0,0,0,1
585000,23,96,156,3,1,2,0.246679504592396,2.05570002633607,1.86716660538767,1.65682572510845,0.490994253338755,0.254944098969791,0.589935534661,0,0,1,0,1,1
1100000,26,161,253,4,2,2,0.410119604929421,2.06661688449916,1.77384930342154,1.66822530365837,0.614334830415808,0.139371116982838,0.63576735176684,1,1,0,0,0,1
460000,27,75,124,2,1,1,0.160195841875523,1.93708797923355,0.95131350455979,1.05501173727454,0.413170738674645,0.324584545826016,0.270861405025205,0,0,0,0,1,1
1406790,4,129,220,2,3,2,0.327999234895967,1.91598099718585,2.14466309879195,1.70525666564885,0.56842253521158,0.562955762832418,0.530512859058679,1,1,1,1,1,1
1190000,25,164,258,5,3,2,0.073456421305845,1.44118750294951,2.51904364101902,1.60508254419382,0.452068346439761,0.331000979791353,0.422526746276642,1,0,1,0,1,1
899000,14,119,159,3,1,2,0.196487086001698,1.58887650414316,2.29040735145804,1.82004237606396,0.674602896629913,0.436323475062722,0.632208421103257,1,0,0,0,1,1
1243000,7,126,242,4,3,2,0.050514518751507,1.58326727980075,0.822959582649753,1.1683097291799,0.338907610554731,0.624892237412957,0.204236860085539,1,1,1,1,1,1
730000,12,110,128,2,1,3,0.254896309495338,1.94107532816696,0.781410068103765,0.627379913689811,0.454605684682154,0.707554075514099,0.240696717844262,0,1,0,0,0,1
975000,5,137,197,3,2,2,0.07632286920675,1.35256849763609,2.79112562789808,1.31718947442777,0.193412662583337,0.468084070840248,0.325366977317837,1,1,1,1,1,1
850000,32,129,182,3,1,2,0.127646781686852,0.779454594755983,2.42680294832567,1.36539341030751,0.803565519957795,0.427740948771676,0.299214984687223,0,1,1,0,1,1
450000,32,95,156,3,1,2,0.404713515721505,1.5610798058808,2.26581821625172,0.672527947952421,0.527593751435526,0.398292243928398,0.287227246952894,0,0,0,0,0,1
1350000,25,186,219,5,3,2,0.227650739657734,1.16617014548629,2.58431170412224,1.87963514641104,0.767301409609983,0.115014165583184,0.399605669195968,0,1,0,1,1,1
1990000,6,180,287,5,3,3,0.288488736274068,2.30928072885418,1.57631581588619,1.41888114381142,0.450540548739048,0.125741162147355,0.398700547489123,1,1,1,1,1,1
610000,22,92,115,3,1,1,0.157767126450771,0.392039841566446,1.97325705621346,2.01385375390327,1.20909460999946,0.129062306925753,0.163423016719198,0,0,0,0,0,1
788000,9,107,137,3,1,2,0.323113372423905,1.91181815391916,2.03121969712466,1.80281433407935,0.588323883137157,0.406536630997326,0.732451328948302,1,1,1,0,1,1
430000,24,92,155,2,1,1,0.055670258680214,1.73642043808283,0.909762979265777,1.17910693173522,0.234563718844259,0.468016954426244,0.327080389597409,1,0,0,0,0,1
730000,12,110,128,2,1,2,0.237330180916204,1.94393868851363,0.780185748433624,0.611690153576324,0.437078306033792,0.70726163608,0.259198961592665,1,0,1,0,1,1
629980,9,80,94,2,1,2,0.104450795921426,1.99862690216745,1.03296540347912,1.13554321925929,0.374357158380245,0.240583219829314,0.324222538384501,1,1,1,1,1,1
1460000,4,130,206,4,3,2,0.221668927665943,2.31681277713683,1.64664640947947,1.39586097524413,0.313004120778225,0.240810948039254,0.332315053129826,1,1,1,0,1,1
1250000,6,126,242,5,3,2,0.034506614364613,1.56439111882702,0.819899330827879,1.17652663617012,0.351559985198319,0.645904339516256,0.184807583979292,1,1,1,1,1,1
570000,9,80,104,2,1,1,0.110418595254541,1.99835640948962,1.03899878980987,1.14689069705718,0.361827415070934,0.233540989819857,0.337505891938157,1,1,1,1,1,1
1100000,18,145,246,4,2,2,0.083029114157756,0.847338530280783,2.42776937455818,1.72598406858752,0.756877806697395,0.315977446458622,0.198892049526986,1,1,0,0,0,1
975000,5,133,197,3,2,2,0.070408792181651,1.35808152854465,2.78217725025848,1.32261298268534,0.194788356861678,0.465477586698381,0.328627730744585,1,1,0,0,0,1
790000,16,110,183,2,1,2,0.509661149079222,1.80593234294071,1.98464111176612,1.57727498006631,0.893778837597522,0.426471754627466,0.938476791391681,1,0,0,0,0,1
2400000,5,160,216,5,3,3,0.044204684092244,0.6963416583796,2.45039181399482,1.44194061762598,0.874634455624516,0.362810763289297,0.278080001573944,1,1,1,1,1,1
415000,39,78,109,2,0,2,0.263341246410115,1.6587208378652,1.63607200028976,0.572580431481282,1.14362959888128,0.137052270452485,0.102579847541747,1,0,0,0,0,1
402500,10,91,122,2,1,1,0.211217116204514,2.40121012935794,1.88497001434892,1.39967383094006,0.170687319859519,0.64460937876335,0.444248259544561,0,0,1,0,1,1
959000,3,143,164,2,1,2,0.107794030251589,1.70649801224086,2.76254083846035,1.03382071295256,0.225271605237582,0.795791227767962,0.466924618445558,1,1,1,0,1,1
2038000,3,155,254,5,3,3,0.357133647736794,2.33207539164718,1.48107361578876,1.45573708753699,0.622325633103137,0.175775637955455,0.530964456622808,1,1,0,1,1,1
1982000,3,155,254,5,3,3,0.357133647736794,2.33207539164718,1.48107361578876,1.45573708753699,0.622325633103137,0.175775637955455,0.530964456622808,1,1,0,1,1,1
1957000,3,155,254,5,3,3,0.357133647736794,2.33207539164718,1.48107361578876,1.45573708753699,0.622325633103137,0.175775637955455,0.530964456622808,1,1,0,1,1,1
1932000,3,155,254,5,3,3,0.357133647736794,2.33207539164718,1.48107361578876,1.45573708753699,0.622325633103137,0.175775637955455,0.530964456622808,1,1,0,1,1,1
1842000,3,155,254,5,3,3,0.357133647736794,2.33207539164718,1.48107361578876,1.45573708753699,0.622325633103137,0.175775637955455,0.530964456622808,1,1,0,1,1,1
1817000,3,155,254,5,3,3,0.357133647736794,2.33207539164718,1.48107361578876,1.45573708753699,0.622325633103137,0.175775637955455,0.530964456622808,1,1,0,1,1,1
1654000,3,139,241,5,3,2,0.357133647736794,2.33207539164718,1.48107361578876,1.45573708753699,0.622325633103137,0.175775637955455,0.530964456622808,1,1,0,1,1,1
1623000,3,139,241,5,3,2,0.357133647736794,2.33207539164718,1.48107361578876,1.45573708753699,0.622325633103137,0.175775637955455,0.530964456622808,1,1,0,1,1,1
1598000,3,139,241,5,3,2,0.357133647736794,2.33207539164718,1.48107361578876,1.45573708753699,0.622325633103137,0.175775637955455,0.530964456622808,1,1,0,1,1,1
590000,1,120,180,3,1,1,0.206443270725599,2.06127189283199,1.88987371231022,1.65190204998101,0.460752989813815,0.296337699574219,0.581981535679902,1,1,1,0,1,1
1068000,1,107,138,3,1,2,0.251283820580001,1.81957963666382,2.15285883879306,1.77322092675552,0.663405457829875,0.528010604071691,0.656950777564557,1,0,0,1,1,1
550000,11,92,160,2,1,1,0.246430984806328,2.17860864294077,2.216973468206,1.52318607526282,0.502373004914097,0.781698252056929,0.226690543213416,0,0,1,1,1,1
998000,7,122,190,4,1,2,0.102401118310392,0.981645537118179,1.97216094322213,1.74224111359521,1.12483656925465,0.194954445199505,0.415515142733404,1,1,1,0,1,1
309909,37,66,98,2,1,1,0.156545312808034,2.0649555687621,1.97228767536819,1.66436417395529,0.417522257286686,0.426487937636739,0.600488138655841,0,0,0,0,0,1
439000,34,93,135,2,1,2,0.168357840773461,1.2624777029112,2.37372197387447,1.58291889843189,0.889073596156609,0.298193668267018,0.697617010208955,0,0,1,0,1,1
1448000,6,155,262,5,3,2,0.034506614364613,1.56439111882702,0.819899330827879,1.17652663617012,0.351559985198319,0.645904339516256,0.184807583979292,1,1,1,1,1,1
1590000,6,155,262,5,3,2,0.034506614364613,1.56439111882702,0.819899330827879,1.17652663617012,0.351559985198319,0.645904339516256,0.184807583979292,1,1,1,1,1,1
1198000,6,123,242,5,3,2,0.034506614364613,1.56439111882702,0.819899330827879,1.17652663617012,0.351559985198319,0.645904339516256,0.184807583979292,1,1,1,1,1,1
1280000,3,130,207,5,3,2,0.218488979178458,2.30028094427993,1.65746794643223,1.41250615662702,0.325059718940343,0.228914161142401,0.349421078409862,1,0,0,0,0,1
1315000,3,130,217,5,3,3,0.231175176723087,2.32431714647392,1.63846429604483,1.38845228993085,0.312712200253682,0.241623233075031,0.325722323282133,1,0,0,0,0,1
510000,24,107,156,2,1,1,0.179494871920217,2.24503860541202,2.10226842181177,1.57990260648952,0.387209681293617,0.745360203551905,0.339364154764529,1,0,0,0,1,1
995000,7,120,248,4,1,3,0.196487086001698,1.58887650414316,2.29040735145804,1.82004237606396,0.674602896629913,0.436323475062722,0.632208421103257,1,0,0,0,1,1
1790000,10,172,271,4,3,2,0.447642974985133,1.86165477907139,1.98338526784309,1.75500076212372,0.723795673159763,0.34963405046654,0.805904182776248,0,0,0,0,1,1
490000,32,90,109,2,1,1,0.213926622683495,2.31607937032993,1.39437991339884,1.42338594203905,0.471926026222318,0.122611744467433,0.63599678036356,0,0,0,0,0,1
730000,9,111,146,3,1,2,0.254896309495338,1.94107532816696,0.781410068103765,0.627379913689811,0.454605684682154,0.707554075514099,0.240696717844262,1,0,0,0,1,1
890000,7,120,218,3,1,2,0.196487086001698,1.58887650414316,2.29040735145804,1.82004237606396,0.674602896629913,0.436323475062722,0.632208421103257,1,1,0,0,1,1
9e+05,28,178,213,3,1,2,0.081480192321119,0.675777689779126,2.42541877573625,1.52785703531308,0.828754755319424,0.260869314096766,0.094181870761841,0,0,0,0,0,1
370000,23,72,117,2,1,1,0.064775080442775,2.54351592781549,2.03809970440622,0.15498837717181,0.214985024418246,0.5761032274521,0.537638977493871,0,0,0,0,0,1
1195000,34,200,227,3,1,2,0.096486209886039,0.903779377863564,2.43914395172389,1.77422639140109,0.764876055365492,0.249106420798521,0.269960703170351,0,0,0,0,0,1
713720,1,88,150,2,1,2,0.129133778572755,2.21124633319245,1.35467256040664,1.26435295489209,0.32888663669524,0.163240903344486,0.786009173235207,1,0,0,0,0,1
868000,2,106,191,2,1,2,0.087040388747904,2.19525224845167,1.92574082295387,1.55335740066028,0.287483989383742,0.483921967299624,0.509317328995025,1,0,0,0,0,1
979000,3,92,128,2,1,3,0.108590197370733,1.69901674316962,2.76095248864927,1.03548346153318,0.218004749681104,0.79046939259838,0.472954612503919,1,1,1,0,1,1
574938,2,83,131,0,1,0,0.348673180792874,1.48634662208711,0.647885281878602,0.817609227456791,1.15425558400261,0.763035490230273,0.547120157249972,0,0,0,1,1,1
492614,2,89,130,0,1,0,0.348673180792874,1.48634662208711,0.647885281878602,0.817609227456791,1.15425558400261,0.763035490230273,0.547120157249972,0,0,0,1,1,1
745000,5,122,231,2,1,2,0.218565604500803,2.56929642579413,2.52743214845003,0.834908196695661,1.1741864996176,0.250356732452728,0.871722878686752,0,1,0,0,1,1
1790000,9,171,271,5,3,2,0.453000735127166,1.86483241381182,1.97882761718711,1.75025314123185,0.723872977395032,0.345685371868026,0.804153501112313,1,1,0,1,1,1
941000,8,138,323,3,1,2,0.061596842208861,0.936566854900234,2.49048133450818,1.72610342490165,0.710841220644035,0.224447354056009,0.217190297799466,0,0,0,0,0,1
1817417,3,155,266,3,3,3,0.357133647736794,2.33207539164718,1.48107361578876,1.45573708753699,0.622325633103137,0.175775637955455,0.530964456622808,0,1,0,1,1,1
2649000,3,199,293,4,3,2,0.115879886507352,0.70886919247923,2.43749769153253,1.54308882689975,0.786540604548986,0.266277639948721,0.077323266027077,0,1,0,1,1,1
1980000,11,187,223,3,3,3,0.365107847425346,1.01719421742372,2.35894967007053,1.14555411324968,0.630210323573792,0.257584172645643,0.25681053854259,1,0,0,0,0,1
995000,16,164,234,5,3,2,0.050738457532505,1.4182640583504,2.53602173940756,1.60696720332273,0.454375313200021,0.309359075445246,0.401557606578445,0,0,0,0,1,1
849000,6,84,112,2,1,2,0.195156097039654,1.44730927212826,2.36311124771811,1.82158636674454,0.792357465972341,0.328026550379063,0.595652548727583,1,0,0,0,0,1
979000,2,92,172,2,1,2,0.107794030251589,1.70649801224086,2.76254083846035,1.03382071295256,0.225271605237582,0.795791227767962,0.466924618445558,1,0,0,1,1,1
533900,2,75,110,2,1,1,0.258651148118526,2.00010739549845,0.875030914566039,0.781840253911513,0.610446635533275,0.594853470287863,0.088034586669833,1,0,0,1,0,1
1850000,8,158,298,4,2,3,0.329264826554688,2.09208410741534,2.24838896766431,1.5037932591793,0.543072730350064,0.803585561976386,0.227562854042672,0,1,0,1,1,1
950000,9,160,234,3,1,2,0.144877746272458,2.09578138315236,1.89532962986182,1.62157718669111,0.406287813568772,0.337968355419217,0.551730872541027,1,1,0,0,1,1
2200000,8,189,350,5,2,3,0.329264826554688,2.09208410741534,2.24838896766431,1.5037932591793,0.543072730350064,0.803585561976386,0.227562854042672,0,1,0,1,1,1
1083000,1,115,177,3,1,2,0.172248436163588,2.2469463791689,2.14523084387976,1.56801538279996,0.42949374187435,0.794306426282701,0.295706701574107,1,1,0,0,0,1
1016664,2,113,144,2,1,1,0.300095456116724,2.52447942731995,1.37240798616202,0.893454625601714,0.386831688440068,0.714042489020692,0.192808041344171,0,0,0,0,1,1
567264,2,77,97,2,1,1,0.300095456116724,2.52447942731995,1.37240798616202,0.893454625601714,0.386831688440068,0.714042489020692,0.192808041344171,1,0,0,0,1,1
1650000,5,146,212,3,1,2,0.210714802620796,1.41585158861553,1.84463779734296,1.37266092785356,0.933152442717114,0.119928426797949,0.182474781989339,0,1,0,0,0,1
920000,30,174,283,4,1,2,0.168812217659526,1.52186975731922,2.33651362757925,1.83754535327573,0.685903077215812,0.370826864374121,0.587214079903359,0,1,1,0,1,1
595000,11,84,105,2,1,2,0.236155335413325,2.22479641763138,1.80594831169547,0.663397813740087,0.138472852000047,0.280726572742862,0.354793719628536,0,0,0,0,0,1
1450000,6,155,263,4,3,2,0.017319406124049,1.57954832940821,0.847306654391622,1.15654095878326,0.329880220365433,0.63647882678189,0.170035334907912,1,1,0,0,0,1
630000,11,80,140,2,1,2,0.120865200037836,1.97837941672382,1.02955024895628,1.15148168053274,0.33921799686681,0.243135099559819,0.353828499413008,0,0,0,0,0,1
959000,1,92,130,3,1,2,0.108590197370733,1.69901674316962,2.76095248864927,1.03548346153318,0.218004749681104,0.79046939259838,0.472954612503919,1,1,1,0,1,1
949000,6,108,208,4,1,2,0.131208132543726,1.97261600739224,0.972428421844448,1.05205496980089,0.443362550963393,0.313347962133332,0.243463475641389,0,0,0,0,1,1
949449,4,103,170,3,3,2,0.326678948133175,2.24173234959948,1.53709147036342,1.36909580374553,0.53118644878956,0.27089202771995,0.742219387927533,1,1,0,0,1,1
979000,1,142,172,3,1,3,0.108905929099821,1.74499528013695,2.76800535423379,1.02295078207352,0.263780341266974,0.821748908585578,0.438465934641433,1,1,0,0,0,1
640000,17,115,161,3,1,1,0.402365835161208,1.74071142943221,2.05455929643645,1.29613148116359,0.583720937057826,0.500841139014338,0.963182681018022,1,1,0,0,1,1
1485000,3,139,241,5,3,2,0.357133647736794,2.33207539164718,1.48107361578876,1.45573708753699,0.622325633103137,0.175775637955455,0.530964456622808,1,1,0,1,1,1
9e+05,31,141,197,5,1,1,0.070545229683202,1.29942160031216,2.64561654569462,1.58685760040481,0.450267413492894,0.226218914154905,0.282473386001326,1,1,0,0,1,1
1459000,3,130,207,5,3,2,0.172646781712525,2.2504652386567,1.7165024890986,1.46198692665607,0.328596219949359,0.241473545148148,0.394078714671443,0,0,1,1,1,1
1699909,4,132,256,4,3,3,0.145742935744259,1.42038876145713,2.71103862430587,1.12707172553685,0.090999436167156,0.620699699885302,0.719289562125562,1,1,0,0,0,1
1090000,7,109,203,3,2,3,0.217773861457187,1.42285176260455,0.578179707712342,0.965474503729222,0.573516575835481,0.513233309071811,0.11343160904261,1,1,0,1,1,1
549000,5,83,138,2,1,2,0.118744609149738,1.7349779562601,0.609391082112728,0.641112502305691,0.518401008093153,0.529916401820081,0.302793936651567,0,0,0,0,0,1
389000,27,139,166,2,0,1,0.532925571500332,1.17208797210108,2.13050687794413,0.948192138458674,0.739026850398145,0.049022444496702,0.177559883369761,0,0,0,0,0,1
1319500,1,122,237,3,1,1,0.262890232791144,0.960600294813887,2.64458333521172,1.44767029846687,0.540185143077162,0.427804608512804,0.108695925515737,0,0,0,0,0,1
270000,35,88,105,2,0,1,0.183013903536655,1.13853221907834,2.13321260973914,1.60662001915974,0.961862625446622,0.246592360798391,0.471414484634996,0,0,0,0,0,1
630000,14,127,179,3,1,2,0.414985430317438,1.47514147963265,2.25252051599331,0.72941700777535,0.527192851100739,0.313417005947989,0.202736009819058,1,0,0,0,0,1
946300,1,103,188,3,1,2,0.077233677139555,2.18199966240792,1.92308461654625,1.56178358747275,0.299196470302293,0.466885542096544,0.512715575575414,1,1,1,1,1,1
868000,1,105,191,3,1,2,0.083711141465204,2.19059682893405,1.92522792118913,1.55644724353742,0.291532458770376,0.478524592837825,0.510720884504138,1,1,1,1,1,1
580000,23,105,165,3,1,2,0.039610124335898,2.23278331939085,1.8666592193261,1.50528356272409,0.248375312124183,0.443087978561627,0.454051601281257,0,0,0,0,0,1
850000,23,143,185,3,1,2,0.308388262729871,1.88434273846685,2.11023140687813,1.77977682666025,0.59761148584001,0.499856493118004,0.625275286602264,0,0,0,0,1,1
850000,25,144,185,2,1,2,0.308388262729871,1.88434273846685,2.11023140687813,1.77977682666025,0.59761148584001,0.499856493118004,0.625275286602264,1,0,1,0,1,1
560000,1,79,131,2,0,1,0.037369324150845,0.679426895884378,2.45539728542573,1.46397985351864,0.877697411728373,0.337691502541448,0.301653499779919,0,1,1,0,1,1
980000,6,119,159,3,2,2,0.229428508980235,1.6149272012132,2.25389044050944,1.85539257054127,0.711889969583192,0.463372052030641,0.668310055621866,1,1,1,1,1,1
280000,41,70,101,1,0,1,0.316661819211712,2.39510036466782,1.41890266145635,1.39223769849219,0.600028174250348,0.21000389506336,0.494522246512904,0,0,0,0,1,1
1433250,2,130,207,5,3,2,0.218488979178458,2.30028094427993,1.65746794643223,1.41250615662702,0.325059718940343,0.228914161142401,0.349421078409862,0,0,0,0,0,1
1200000,25,160,253,4,2,2,0.139503722015743,2.28708932868712,1.71738242991717,1.42714604596253,0.267747088030661,0.298955620047309,0.356756860745846,1,1,1,1,1,1
550000,24,97,140,2,1,1,0.236151850690957,2.61673315204826,1.47619368689312,1.01042070044503,0.266339117252352,0.64225221931893,0.128101688080607,0,1,0,1,1,1
750000,25,164,257,5,2,2,0.304896322218881,1.4017640957384,1.6667962888203,0.854428507658284,0.889956718480829,0.16162746689777,0.445845768628632,0,0,0,0,0,1
745000,1,122,237,2,1,2,0.036485420271116,0.611146870421564,2.34488704618923,1.61704574172763,0.884008612512917,0.174772718966513,0.011195083288264,1,1,1,0,0,1
1005000,1,107,202,3,1,2,0.183774587120458,2.27376608964056,1.24946397411661,1.19950827950962,0.599035035186078,0.239233338669333,0.409409625563242,0,1,1,1,1,1
1900000,1,132,267,4,0,3,0.05877040330024,0.767117504582193,1.29324621107321,1.36535616641063,1.39161889618371,0.212322135698614,0.044453398333289,1,1,1,1,1,1
339000,51,95,115,2,0,1,0.198263361753916,1.12966938535402,2.14618019402108,1.62122719309959,0.971573405496372,0.266904794813292,0.492895664773269,0,0,0,0,0,1
720000,24,127,191,4,2,1,0.106946968354541,1.45078370216801,2.66735364912031,1.37668145820984,0.223667354029482,0.471934627898306,0.67888878053188,0,1,1,0,1,1
845087,1,103,184,3,1,2,0.350250365211273,2.21465058818702,1.56370043144158,1.36452356009928,0.548452473112742,0.29868816869199,0.760420193127843,1,1,1,0,1,1
510000,14,113,201,2,0,1,0.544362607059214,2.01681041851034,1.78479452566674,1.56596444082479,0.746409875735078,0.223065738654219,0.746466965965672,1,0,0,0,0,1
1700000,5,133,242,4,2,2,0.185512959628342,1.37850752761298,2.68384544684423,1.12565494017878,0.13670686041896,0.582526563828509,0.394568110842754,1,1,0,1,1,1
420000,25,120,137,1,0,2,0.041744964085229,2.54664976521591,1.44467896056799,1.12054010694752,0.287157042529517,0.455973129526567,0.070296158335429,1,0,0,0,0,1
310000,40,75,112,1,0,1,0.123952184831786,1.65981420329382,2.27922928316862,1.73897212250853,0.610567007159367,0.513422719157831,0.729127335946434,0,0,0,0,0,1
1080000,30,143,200,5,1,2,0.480751888901078,1.21907533020141,2.08343610093041,0.899092394835277,0.763616283691501,0.059041718317725,0.231475686478654,0,1,1,0,1,1
790000,4,158,251,3,1,2,0.075653107568413,2.4311302083254,2.45844098736242,0.7017460796704,1.07213190957398,0.120706893453725,0.840543014344452,1,0,1,0,1,1
1150000,1,121,168,3,1,2,0.289757924815417,1.03695081837507,2.70064268495952,1.44592861844389,0.476999007505142,0.372238362782731,0.080506699608078,1,1,0,0,1,1
630000,5,80,101,3,1,2,0.054064893642832,1.97726919334267,1.07561058526997,1.23253000649975,0.250443239979724,0.223549540318889,0.557350194581527,0,1,1,0,1,1
7e+05,32,140,209,4,1,1,0.069864010904289,1.29934863722168,2.64377266585268,1.59011796729499,0.45341024489467,0.223844395959177,0.283716001644771,0,0,0,0,0,1
799000,7,94,167,2,1,2,0.326514677080059,0.916635842914278,2.5206836163542,1.30422562838894,0.617319711482393,0.433031512776713,0.393644329851001,0,1,1,0,0,1
1320000,2,122,228,3,1,2,0.289757924815417,1.03695081837507,2.70064268495952,1.44592861844389,0.476999007505142,0.372238362782731,0.080506699608078,1,0,0,0,0,1
1062940,1,117,233,3,1,3,0.118799497981217,1.30238742747753,2.81811945987289,1.29645240075687,0.212231887533201,0.473307022813809,0.292010951512882,1,1,1,1,1,1
1190000,24,143,169,4,1,2,0.446310273011843,1.05524604933297,1.97360533149138,1.09963137428093,0.82760732417255,0.330062957595533,0.236818193596013,0,1,0,1,1,1
320000,33,82,117,1,1,1,0.153489891562203,1.78812151110397,0.648980829155171,0.623670338495963,0.486369105555767,0.571113709741571,0.274579576412532,0,0,0,0,0,1
1500000,20,175,241,4,2,2,0.124786177347437,0.862618296608088,2.33544242484819,1.89276212610959,0.883886976129857,0.246841474063543,0.350086458722134,1,0,0,0,0,1
529000,27,97,139,2,1,1,0.236151850690957,2.61673315204826,1.47619368689312,1.01042070044503,0.266339117252352,0.64225221931893,0.128101688080607,0,1,1,1,1,1
1260000,25,143,169,3,1,3,0.446342320402465,1.05534521516345,1.97348562079173,1.09956495982921,0.827566621675025,0.330094050931165,0.236930919037554,1,0,0,0,1,1
949000,8,147,237,2,1,2,0.147631353504554,2.34104407030749,2.206743106673,1.4615823666956,0.505497791518467,0.655918885346146,0.277100807791312,1,0,1,0,1,1
395000,43,88,120,2,1,1,0.209923290712596,2.45113237231101,1.41377559871515,1.26596686649402,0.468558449095956,0.271408899567257,0.313449434399948,0,0,0,0,0,1
579900,1,86,133,2,1,2,0.195519591393236,1.75126478506831,0.577815308456756,0.480216475967447,0.350848056689782,0.507010403901874,0.401541373756098,1,1,0,0,0,1
815000,7,94,167,2,1,2,0.326514677080059,0.916635842914278,2.5206836163542,1.30422562838894,0.617319711482393,0.433031512776713,0.393644329851001,0,1,1,1,1,1
1950000,1,149,226,4,3,4,0.184671083650905,0.837024051300498,2.40326869721608,1.30975110690314,0.761976431717386,0.401780129244631,0.241607360047021,1,1,0,0,0,1
1220000,2,141,189,2,1,3,0.346140581473206,1.00800102798506,2.67491337563481,1.34893570325429,0.487383103760803,0.506303701222773,0.019718319797894,0,1,0,0,1,1
1147000,6,131,217,2,1,1,0.206707919399117,1.91027859732742,2.76277675405588,0.955682270511937,0.43927418846524,0.701917402403182,0.37245487746451,1,1,1,0,1,1
320000,30,93,108,2,1,1,0.063493388949673,2.72568727835319,2.2985273021771,1.09010170777375,0.763571019568483,0.437021505500257,0.610212455183008,0,0,0,0,0,1
480000,36,93,135,2,0,1,0.162282742169936,1.26620966424411,2.37987166024456,1.58263893285209,0.887852058113828,0.300275035166027,0.703473954363814,0,0,0,0,0,1
1755000,1,152,180,5,3,3,0.31207095011592,0.97205068012857,2.67345983288229,1.37145588609885,0.523230544323447,0.509005555958819,0.016308710423417,1,1,1,1,1,1
765000,39,150,222,2,1,2,0.113565293585132,1.25606633977846,2.68273484797869,1.58722297151376,0.461899402334941,0.200910982845222,0.241857980659766,1,0,0,0,0,1
7e+05,20,116,135,3,1,2,0.354176609839682,2.06690943898935,2.20139611836768,1.56273642108241,0.510463745655266,0.731259718571031,0.301174803369092,1,1,1,0,1,1
470000,30,91,153,3,1,1,0.450192964839635,2.45377442608592,1.28241632969445,0.73375332920369,0.539295339028813,0.859425031087219,0.348861121625327,0,0,0,0,1,1
1750000,5,158,297,5,3,3,0.337054372346665,2.08497505458167,2.25674409669638,1.49622153494893,0.551867112408383,0.808753000768382,0.222569287374909,0,0,0,0,0,1
470000,30,86,171,3,1,2,0.450192964839635,2.45377442608592,1.28241632969445,0.73375332920369,0.539295339028813,0.859425031087219,0.348861121625327,0,0,1,0,1,1
980000,23,150,236,3,1,2,0.034697878713066,1.35306913974983,2.57420254046352,1.63310722395382,0.48595646989249,0.239211145336358,0.351168378070404,1,0,0,0,0,1
759000,6,117,162,2,2,1,0.371026403408704,2.11436037441517,0.956900404145793,0.683502836119036,0.560225013954591,0.707144577294673,0.506561500351572,1,0,0,0,1,1
420000,36,91,153,3,1,1,0.285182805418728,2.37930711268341,1.43428370920002,1.4567472210202,0.548627509695952,0.178505272358126,0.576535670973539,1,0,0,1,1,1
1390000,4,143,260,5,3,4,0.080734902326095,1.26605494405189,2.80716647825901,1.39013516485603,0.291857263957183,0.379514037772209,0.227972644232688,1,0,0,0,0,1
1400000,7,139,189,5,3,2,0.337054372346665,2.08497505458167,2.25674409669638,1.49622153494893,0.551867112408383,0.808753000768382,0.222569287374909,1,0,0,1,1,1
1190003,25,143,169,4,1,2,0.446310273011843,1.05524604933297,1.97360533149138,1.09963137428093,0.82760732417255,0.330062957595533,0.236818193596013,0,1,1,1,1,1
630000,42,120,165,4,1,1,0.130895747917027,0.768683492611269,2.35481732889814,1.35536523634917,0.869059932054316,0.446019074058378,0.190332877492186,0,0,0,0,0,1
480000,29,77,151,2,1,2,0.15338930875885,0.683785932684833,2.02193054980517,2.08328456587244,1.18953062903698,0.20256476419958,0.15459940747062,0,0,0,0,0,1
1130000,1,121,223,3,1,2,0.262890232791144,0.960600294813887,2.64458333521172,1.44767029846687,0.540185143077162,0.427804608512804,0.108695925515737,1,1,0,0,1,1
980000,9,109,202,3,3,3,0.107947774367288,2.55132091806122,1.53567400013437,1.16531585200571,0.190028121233975,0.472162943144221,0.100838975585314,0,1,1,0,1,1
500900,3,75,87,1,1,1,0.258651148118526,2.00010739549845,0.875030914566039,0.781840253911513,0.610446635533275,0.594853470287863,0.088034586669833,0,0,0,0,0,1
460000,32,87,105,3,1,1,0.397075601827996,2.1909677037353,1.59557444589882,1.44975014726552,0.619799286557369,0.226345030716373,0.700020638799732,1,1,0,0,0,1
810000,25,126,232,4,1,2,0.236151850690957,2.61673315204826,1.47619368689312,1.01042070044503,0.266339117252352,0.64225221931893,0.128101688080607,1,0,1,1,1,1
1850000,6,158,225,4,2,3,0.337054372346665,2.08497505458167,2.25674409669638,1.49622153494893,0.551867112408383,0.808753000768382,0.222569287374909,0,1,0,1,1,1
1695000,5,145,317,3,1,3,0.310136830198626,1.34560110069756,2.4714238686029,0.967952098050123,0.325950078267581,0.381317089024356,0.188836065116696,0,0,1,0,1,1
850000,16,127,186,3,1,2,0.085122280204837,2.17188047764802,1.9322516901058,1.57233368363612,0.309486360323219,0.469412616462376,0.523033523940281,0,0,0,0,1,1
455000,22,104,184,3,1,2,0.525997675694551,1.97495217776632,1.83336533115475,1.60463535208995,0.741539220829313,0.245127065351704,0.761003298181562,0,1,1,0,1,1
359000,25,95,120,2,1,1,0.185332467300278,2.19855381962501,2.28757566500047,1.44889615736664,0.572071194430634,0.694679615849221,0.15524199926178,0,0,0,0,0,1
1700000,6,195,243,5,3,3,0.221156088556443,1.47779840499423,0.518706963264373,0.844057406773828,0.62661285695218,0.444429837056773,0.236253769083506,1,1,1,1,1,1
1460000,3,139,241,4,3,2,0.35598553006085,2.33110918486816,1.48141187240722,1.45747197959782,0.620897800677574,0.176507584224335,0.533281930886393,0,1,0,1,1,1
315000,20,108,139,2,1,2,0.388623119058636,2.08687995447877,1.76106455024555,1.64492727863242,0.589020837262053,0.121927368525659,0.61012317508702,0,0,1,0,0,1
280000,20,75,95,1,0,1,0.159946379517,2.64850144893615,1.52634431316688,1.11141924422023,0.190013252091601,0.544361393275178,0.089479981307121,0,0,0,0,0,1
350000,3,97,126,2,1,1,0.277022631327516,0.875413391440975,2.60739896012544,1.3885653615201,0.628273855687317,0.439395796988844,0.338996722877539,0,0,0,0,0,1
585000,24,96,114,3,1,2,0.256104814724669,2.02842553027056,1.89697732217785,1.68400044544838,0.507612343126476,0.280781842013574,0.616020147370666,1,0,0,0,0,1
1143307,1,127,203,2,2,2,0.188652520149691,2.27280148279326,1.24147193536002,1.1802751767454,0.612489785351193,0.257932021414118,0.395020717841612,0,1,1,1,1,1
749999,3,94,120,2,1,1,0.276455676172996,2.56069937539265,1.78477432558392,1.24810474473968,0.157477554345371,0.710419656810388,0.373037290356049,1,1,1,1,1,1
990000,9,113,187,3,1,2,0.106030628209169,1.9910905523096,1.01646516445983,1.11355205109548,0.391563464530947,0.25914422068724,0.30294262152036,0,0,0,0,1,1
974980,4,137,197,3,2,2,0.084379885611106,1.34787077980605,2.80082067329644,1.31010940141993,0.190829120924836,0.472560658635791,0.323549588270343,1,1,1,1,1,1
395000,31,72,112,2,1,1,0.016361902080951,1.51777641327343,2.4590776183791,1.60766167099368,0.45924198374923,0.402025886381938,0.730880647184919,1,0,0,0,0,1
1045075,13,107,357,4,1,2,0.099734392471401,0.896416660066525,2.44557080717047,1.75425996681859,0.752519578339447,0.258764442450317,0.254134397444454,1,0,0,0,1,1
941200,8,138,249,0,1,2,0.061596842208861,0.936566854900234,2.49048133450818,1.72610342490165,0.710841220644035,0.224447354056009,0.217190297799466,0,0,0,0,0,1
580000,44,173,208,3,1,1,0.144601738812791,2.26180853986436,1.72667803864585,1.45147922443796,0.297463325834487,0.275350306187004,0.381439018188201,1,0,0,0,0,1
347000,32,85,124,3,1,1,0.141393581805833,1.84775820492533,0.806305416422273,0.889450475354379,0.542804476841669,0.48671302500552,0.196373125204127,1,0,0,0,0,1
434900,35,105,133,2,1,1,0.406056750405672,1.96689089486057,2.1505598471088,0.319731003647482,0.848456881067708,0.47157688704715,0.703214533182522,0,0,0,0,0,1
520000,14,91,127,2,1,2,0.372585895260935,1.49500041265744,2.21328159551403,0.692414255077595,0.567457725692267,0.31432503551607,0.229076925885905,1,1,1,0,0,1
1e+06,26,150,240,3,1,2,0.034697878713066,1.35306913974983,2.57420254046352,1.63310722395382,0.48595646989249,0.239211145336358,0.351168378070404,1,1,0,0,1,1
517900,3,50,100,1,0,1,0.258672869889512,2.00010753310984,0.875009454424593,0.781776370941734,0.610377991044711,0.594926651833211,0.088109104577969,0,0,0,0,0,1
340000,39,92,140,2,1,1,0.216942257956049,2.09693921908667,1.02093617925753,0.97752277078268,0.64288687852954,0.409027881809955,0.471779272799244,0,0,0,0,0,1
340000,51,93,122,2,0,1,0.134246385509322,2.00737198015697,2.51304218746448,0.666255156684764,0.651153442379147,0.434589385416012,0.630932484271041,0,0,0,0,0,1
950000,8,107,133,2,1,2,0.193698760901103,1.18901741568041,2.63241728435205,1.82838882693217,0.710965498339435,0.072329191685351,0.364320702434492,0,0,0,0,0,1
6e+05,30,116,181,3,1,1,0.406800834943053,1.04529354612759,1.94424487416029,1.12943249889577,0.775550602236986,0.381738801690468,0.243092925997142,1,0,1,0,1,1
961507,1,107,171,2,1,2,0.188652520149691,2.27280148279326,1.24147193536002,1.1802751767454,0.612489785351193,0.257932021414118,0.395020717841612,0,1,1,1,1,1
375000,46,75,108,1,0,1,0.103789742744552,2.4958477231655,1.9650060555249,1.34322478606483,0.300913841039095,0.816351030361696,0.518407707466841,0,0,0,0,0,1
975000,5,133,197,2,2,2,0.084379885611106,1.34787077980605,2.80082067329644,1.31010940141993,0.190829120924836,0.472560658635791,0.323549588270343,1,1,1,1,1,1
610001,22,91,115,3,1,1,0.221970404640288,0.493660498374089,2.0753609589093,1.94353398004576,1.10311119401521,0.089807065159078,0.128643209841769,1,1,1,0,1,1
620000,40,105,154,3,1,1,0.352145128352507,0.94756710691798,2.14487847334912,1.17286455830227,0.899248006134464,0.296879283719788,0.135580902930744,0,0,0,0,0,1
615000,18,96,138,3,1,1,0.062413589673958,1.62228566225556,2.33780190957203,1.68358584704769,0.550554808997319,0.484603271673666,0.708191527871862,0,0,0,0,0,1
999000,9,159,189,4,1,2,0.05202459544114,1.29239795365781,2.76817466204212,1.41147129580163,0.294796618466603,0.366476485913787,0.248605241773031,0,1,1,0,1,1
295000,52,92,108,2,1,1,0.243932881028896,2.7554650012313,2.12417960387967,1.04598781661243,0.627786507506645,0.610007820348692,0.65503169728324,0,0,0,0,0,1
450000,32,121,165,3,1,1,0.05924943847319,2.4747403980997,2.05672579090978,1.34192597434593,0.389780551181904,0.733356264646805,0.44770232998748,0,0,0,0,0,1
930000,7,119,159,3,2,2,0.230866440288626,1.62269718054537,2.24693624065235,1.85729535044687,0.714765912685719,0.471121703539024,0.675311568381147,1,0,0,1,1,1
4229891,3,155,266,3,3,3,0.35598553006085,2.33110918486816,1.48141187240722,1.45747197959782,0.620897800677574,0.176507584224335,0.533281930886393,1,1,0,1,1,1
533900,2,75,110,2,1,1,0.258651148118526,2.00010739549845,0.875030914566039,0.781840253911513,0.610446635533275,0.594853470287863,0.088034586669833,1,0,0,1,0,1
1180000,2,129,204,4,3,2,0.200811961482405,2.28056511040335,1.67999798989364,1.43196931432341,0.326269738043395,0.230926840305911,0.366769534312936,1,0,1,0,1,1
1817417,3,155,266,3,3,3,0.35598553006085,2.33110918486816,1.48141187240722,1.45747197959782,0.620897800677574,0.176507584224335,0.533281930886393,1,1,0,1,1,1
950000,8,113,167,2,1,2,0.106030628209169,1.9910905523096,1.01646516445983,1.11355205109548,0.391563464530947,0.25914422068724,0.30294262152036,1,0,0,0,0,1
2250000,8,160,217,5,3,3,0.074671573844212,0.632481426773874,2.39437552001764,1.54123776866395,0.882658881381924,0.248479785522724,0.396362978012239,0,1,0,1,0,1
650000,22,102,162,3,1,1,0.335452589299282,0.979832586775302,2.43089579757915,1.20792618779456,0.609210801817258,0.331046290945458,0.303899384039671,1,1,0,1,1,1
295000,34,71,99,2,1,0,0.400506686434996,2.29115631113564,1.53600318883935,1.47433897616431,0.594322167664177,0.110395660354249,0.511127816490815,1,0,0,0,0,1
3e+05,40,79,91,1,0,1,0.335452589299282,0.979832586775302,2.43089579757915,1.20792618779456,0.609210801817258,0.331046290945458,0.303899384039671,0,0,0,0,0,1
1215000,1,128,202,4,2,3,0.183774587120458,2.27376608964056,1.24946397411661,1.19950827950962,0.599035035186078,0.239233338669333,0.409409625563242,1,1,1,1,1,1
868000,1,105,191,1,1,2,0.136809257058451,2.12354029651974,1.98517665925522,1.62618271221393,0.360461171340599,0.496822046628781,0.535369961405198,1,1,1,1,1,1
608321,20,77,96,2,1,1,0.300095456116724,2.52447942731995,1.37240798616202,0.893454625601714,0.386831688440068,0.714042489020692,0.192808041344171,1,1,0,0,1,1
580000,32,101,170,3,1,2,0.169144694271845,1.19514095799191,2.64795579251938,1.76928511763765,0.65164483745357,0.042757341606729,0.317877770948532,0,0,0,0,0,1
550000,5,62,77,2,1,1,0.14021347628987,1.5243999052677,2.37928569438452,1.74094227630008,0.590885890765624,0.375463200258644,0.545832939421078,0,0,0,1,1,1
435000,15,69,86,1,1,1,0.372862071867187,2.16071954910758,0.993996857635897,0.641051152481124,0.550509682510369,0.759871638845103,0.497823680726964,0,0,0,0,1,1
1650000,2,173,190,5,3,2,0.470038542620142,1.87701914581377,1.96316513362219,1.73683058446163,0.721604345335763,0.331687010207412,0.796271680042767,0,1,1,0,1,1
850000,36,159,246,3,1,2,0.151142208062121,0.775784397741112,2.32602363029279,1.34450471122745,0.886811135220853,0.437552343435036,0.160478871413152,0,0,0,0,0,1
330000,34,70,99,2,1,1,0.393797645750524,2.10947452697748,1.73612386569648,1.62508945481621,0.584853473772567,0.097605836892007,0.595376255858565,0,0,1,0,0,1
490000,24,105,156,0,0,1,0.410119604929421,2.06661688449916,1.77384930342154,1.66822530365837,0.614334830415808,0.139371116982838,0.63576735176684,0,0,1,1,1,1
530000,22,79,124,2,1,1,0.283017319622904,1.85355107449803,1.192192134392,0.797610928519336,1.13987975065977,0.260170387520615,0.433308704709715,0,1,0,1,1,1
445000,23,83,140,2,1,1,0.246489987340451,2.61723448074159,1.84473174249166,1.24958083349944,0.26903756244812,0.821159452836322,0.466004977581275,1,0,1,1,1,1
850000,25,144,185,3,1,2,0.308388262729871,1.88434273846685,2.11023140687813,1.77977682666025,0.59761148584001,0.499856493118004,0.625275286602264,1,0,1,0,1,1
385000,36,73,129,2,1,2,0.135676292828104,2.62680756836297,1.50784730375844,1.10931697413055,0.207925559983589,0.527604983280951,0.066758416482811,0,0,0,0,0,1
990000,15,140,226,4,3,2,0.128610869365027,0.82853517279094,2.49746702314867,1.5721240667342,0.684299953300367,0.366734542051898,0.038693349373724,0,0,0,0,0,1
355000,27,74,133,3,1,1,0.183152555333807,1.39389745157049,2.61957530104849,1.05860610764304,0.174603870671973,0.53144391032479,0.340196784129101,0,0,0,0,0,1
1359500,1,122,233,2,1,2,0.189702320256196,1.15709630502716,2.80638040900659,1.41233047148256,0.373612482720734,0.357875227003145,0.130608044503596,0,0,0,0,0,1
715000,2,102,178,4,3,2,0.460128627498503,2.37515542618685,1.20324623679915,0.686690011794343,0.599442733763466,0.836583450798094,0.38387737902008,0,0,0,0,0,1
1521903,1,145,206,5,3,3,0.40478343583798,1.89999517769027,1.97179608159637,1.8098189278959,0.658709915889937,0.331259130414217,0.75421404306558,1,1,1,1,1,1
596295,1,74,93,2,1,1,0.300416254918504,2.52105178730047,1.36899036345644,0.891356103568612,0.389595613906316,0.714239040620573,0.193551036041639,1,1,1,0,1,1
551467,1,77,96,2,1,1,0.300416254918504,2.52105178730047,1.36899036345644,0.891356103568612,0.389595613906316,0.714239040620573,0.193551036041639,1,1,1,0,1,1
440000,32,105,145,2,1,1,0.30940915295022,2.12659468169333,2.28135084986074,1.46199066256127,0.568362736838719,0.769526646099755,0.171028332873749,0,1,0,0,0,1
479002,25,90,130,2,1,1,0.10542333406389,1.78093485085738,2.6005877701589,0.836371326019764,0.382337328376848,0.703521796915366,0.551026717626293,0,0,1,0,1,1
949004,12,147,237,2,1,2,0.32159391136785,2.1099578144351,2.13870032922267,1.62158566566994,0.447870899093578,0.684844982372294,0.347147013845924,1,0,0,0,0,1
1190015,24,143,169,4,1,2,0.446310273011843,1.05524604933297,1.97360533149138,1.09963137428093,0.82760732417255,0.330062957595533,0.236818193596013,0,0,0,0,0,1
550000,43,79,131,2,1,1,0.033840230851798,0.677315821064069,2.45366782417847,1.46503339992774,0.881052637199333,0.337820591053659,0.29958507640542,0,0,0,0,0,1
943000,6,130,217,2,1,2,0.206707919399117,1.91027859732742,2.76277675405588,0.955682270511937,0.43927418846524,0.701917402403182,0.37245487746451,1,1,1,0,1,1
949050,8,147,237,2,1,2,0.11945520008698,1.44209102161358,2.39617477888729,1.85663494927893,0.704035261237119,0.296586174188511,0.53842426251922,0,0,1,0,0,1
1090000,18,143,169,0,0,2,0.446310273011843,1.05524604933297,1.97360533149138,1.09963137428093,0.82760732417255,0.330062957595533,0.236818193596013,0,1,0,1,1,1
890000,7,120,212,3,1,2,0.196487086001698,1.58887650414316,2.29040735145804,1.82004237606396,0.674602896629913,0.436323475062722,0.632208421103257,1,0,0,0,0,1
310000,10,75,112,1,0,1,0.393797645750524,2.10947452697748,1.73612386569648,1.62508945481621,0.584853473772567,0.097605836892007,0.595376255858565,0,0,0,0,0,1
1990000,6,193,330,4,0,3,0.442671154999632,1.70691999173958,2.09118000415162,1.65388743511714,0.931220262417391,0.50678941089435,1.0006015624266,0,0,0,0,0,1
320000,41,80,108,2,0,1,0.442148331698393,1.09227568095078,2.25047724003986,1.04462480740572,0.668703796588739,0.14199818368831,0.053105321168162,0,0,0,0,0,1
550000,11,93,122,2,1,1,0.242252869783202,2.18166553538605,2.21076506706018,1.52935524867039,0.496169413184593,0.78508632112675,0.232800644795126,0,0,0,0,0,1
1777496,1,150,300,4,3,3,0.115697508806982,0.708179372847967,2.43629034822507,1.5447424924612,0.787128567427688,0.265116581125586,0.078969023694164,0,0,1,1,1,1
520000,28,105,165,3,1,2,0.118156486116073,2.12462981007008,1.96504778956457,1.61790786373279,0.356621649253453,0.469772329381365,0.564852254123666,1,0,0,0,0,1
1319500,3,122,233,2,1,2,0.189702320256196,1.15709630502716,2.80638040900659,1.41233047148256,0.373612482720734,0.357875227003145,0.130608044503596,0,0,0,0,0,1
498000,8,103,216,2,1,2,0.066506304650244,1.75173168279998,0.909823616396129,1.16703090724145,0.239892563861661,0.450641972741269,0.350864356808389,1,0,0,0,0,1
640000,21,103,192,3,1,2,0.164855759678321,0.835462215631395,2.35255832443163,1.83701038584942,0.848140838606229,0.311141559681349,0.348335971913203,0,1,0,1,1,1
810000,28,107,173,2,1,2,0.136355299443625,0.830800257653702,2.50270145653995,1.5645152602483,0.679901767547349,0.369045597805752,0.033327567583031,0,1,0,1,1,1
355000,29,98,115,3,1,1,0.450192964839635,2.45377442608592,1.28241632969445,0.73375332920369,0.539295339028813,0.859425031087219,0.348861121625327,0,0,1,0,0,1
1780000,14,162,198,5,3,2,0.098274756115824,0.853153072166227,2.49430292176486,1.61060768497705,0.683028688875812,0.373094504867464,0.077935696567172,1,1,1,0,1,1
1359500,1,122,234,2,1,2,0.189702320256196,1.15709630502716,2.80638040900659,1.41233047148256,0.373612482720734,0.357875227003145,0.130608044503596,0,0,0,0,0,1
1260000,2,140,224,2,1,2,0.329264826554688,2.09208410741534,2.24838896766431,1.5037932591793,0.543072730350064,0.803585561976386,0.227562854042672,0,1,0,0,1,1
1750000,1,176,253,4,3,4,0.184596167870458,0.8369520316703,2.4032472127097,1.30980290815372,0.762062599916489,0.401824981214545,0.241672646079437,1,1,0,0,0,1
1299345,3,130,207,5,3,2,0.231175176723087,2.32431714647392,1.63846429604483,1.38845228993085,0.312712200253682,0.241623233075031,0.325722323282133,0,0,0,0,0,1
1099000,22,159,242,4,1,2,0.069322886083861,0.663423372285771,2.43303140329616,1.49487492912424,0.87022793177322,0.298528133512973,0.347892690387927,0,0,0,0,1,1
670000,43,110,169,2,1,1,0.033840230851798,0.677315821064069,2.45366782417847,1.46503339992774,0.881052637199333,0.337820591053659,0.29958507640542,0,0,0,0,0,1
880000,39,183,281,4,1,2,0.450192964839635,2.45377442608592,1.28241632969445,0.73375332920369,0.539295339028813,0.859425031087219,0.348861121625327,0,0,1,0,1,1
1299345,3,130,207,5,3,2,0.231175176723087,2.32431714647392,1.63846429604483,1.38845228993085,0.312712200253682,0.241623233075031,0.325722323282133,0,0,0,0,0,1
530000,1,78,97,2,2,1,0.283017319622904,1.85355107449803,1.192192134392,0.797610928519336,1.13987975065977,0.260170387520615,0.433308704709715,0,1,1,1,1,1
9e+05,5,154,192,2,1,1,0.076305944109101,1.35388050862022,2.54839034792578,1.6804345738539,0.5329360219853,0.219249874885276,0.373812180945217,0,1,1,0,0,1
1093001,3,128,234,2,1,2,0.183589715412109,2.27359494506483,1.24933141580929,1.19951910474715,0.598858816454375,0.239099922666351,0.409580580112594,1,0,0,0,0,1
340000,30,76,107,2,1,1,0.388623119058636,2.08687995447877,1.76106455024555,1.64492727863242,0.589020837262053,0.121927368525659,0.61012317508702,0,0,0,1,1,1
295000,33,82,116,2,1,1,0.17081975977641,1.77796807280393,0.633138213863129,0.601613042322942,0.466258317937392,0.555941244994634,0.295285554348101,0,0,0,0,0,1
720000,27,127,192,4,1,2,0.106946968354541,1.45078370216801,2.66735364912031,1.37668145820984,0.223667354029482,0.471934627898306,0.67888878053188,0,1,1,0,1,1
942000,4,138,181,4,2,2,0.061596842208861,0.936566854900234,2.49048133450818,1.72610342490165,0.710841220644035,0.224447354056009,0.217190297799466,0,0,0,0,0,1
1003000,1,107,202,3,1,2,0.183774587120458,2.27376608964056,1.24946397411661,1.19950827950962,0.599035035186078,0.239233338669333,0.409409625563242,0,1,1,1,1,1
1563000,1,162,343,3,1,2,0.262890232791144,0.960600294813887,2.64458333521172,1.44767029846687,0.540185143077162,0.427804608512804,0.108695925515737,1,1,1,0,0,1
895000,25,165,254,3,1,2,0.169801382483182,0.699694882869431,2.2444289828296,1.86656358044374,0.93793769735457,0.259056788198684,0.230691948195938,0,0,0,0,0,1
485000,25,105,156,3,1,1,0.410119604929421,2.06661688449916,1.77384930342154,1.66822530365837,0.614334830415808,0.139371116982838,0.63576735176684,1,0,1,0,0,1
290000,24,91,97,0,0,1,0.284281636731716,1.86301385504462,2.35458017970952,0.859020569893545,0.421910683110786,0.360503327118731,0.236154812593101,0,0,0,0,0,1
595000,9,79,126,2,1,1,0.143588920896146,1.29192503520222,0.962729477034986,0.95275276978225,0.673813623078565,0.768798395241432,0.287767972539136,1,1,0,0,0,1
988785,1,112,143,3,1,1,0.300416254918504,2.52105178730047,1.36899036345644,0.891356103568612,0.389595613906316,0.714239040620573,0.193551036041639,1,1,1,0,1,1
395000,43,87,119,2,1,1,0.209923290712596,2.45113237231101,1.41377559871515,1.26596686649402,0.468558449095956,0.271408899567257,0.313449434399948,0,0,1,0,0,1
499000,20,93,123,2,1,1,0.158736269802477,2.1585579025547,1.80331304774513,1.55426889454167,0.383378654370996,0.257226807529497,0.484762081065398,0,0,0,0,1,1
380000,36,91,153,2,1,1,0.284092757838513,2.31725178426669,1.46992451281403,1.44021107947351,0.530296224223018,0.198578534067914,0.643611383067397,1,0,0,0,0,1
850000,5,199,252,3,1,1,0.187482716043016,1.17974665650584,2.64928290446657,1.78618605614876,0.672115256596886,0.034360949309756,0.323812734548518,0,1,1,0,1,1
285000,26,72,120,2,1,1,0.227096162127235,2.24855021288676,1.18275478074791,1.07104846525188,0.597231843660584,0.355052435534635,0.348295781351331,0,0,0,0,0,1
849980,5,84,112,2,1,2,0.187063283800145,1.44798953435347,2.36513004339882,1.83034893126465,0.783005309944346,0.32495139118095,0.59020553061368,1,1,1,1,1,1
1674000,4,132,242,4,3,3,0.144087847754938,1.42005878361553,2.68117855147278,1.09923911291565,0.112105502138083,0.594783703916677,0.729963268346571,1,1,1,0,1,1
455000,19,86,129,3,1,1,0.393797645750524,2.10947452697748,1.73612386569648,1.62508945481621,0.584853473772567,0.097605836892007,0.595376255858565,0,0,1,0,1,1
1750000,7,161,217,5,3,3,0.044204684092244,0.6963416583796,2.45039181399482,1.44194061762598,0.874634455624516,0.362810763289297,0.278080001573944,1,1,1,1,1,1
720000,27,127,192,4,1,2,0.106946968354541,1.45078370216801,2.66735364912031,1.37668145820984,0.223667354029482,0.471934627898306,0.67888878053188,0,1,1,0,1,1
345000,27,72,108,2,1,1,0.060880418864464,2.50045813106426,1.48357735206914,1.21355765726363,0.306018755315204,0.353593299071963,0.170964076914392,0,0,0,0,0,1
887441,1,107,202,3,1,2,0.187204365649313,2.27964568718006,1.25886566673952,1.21192520785883,0.595476684236569,0.231150964892725,0.414113524056067,1,1,1,1,1,1
650000,25,102,136,2,1,1,0.16503863400119,0.835465750809377,2.35243506572617,1.83720796342894,0.848302149452921,0.310951747806453,0.348249453043591,0,0,1,1,1,1
933000,7,128,169,3,1,2,0.108548350263445,1.71326928173853,0.595326314387799,0.65273243070182,0.535994606635132,0.51521303428195,0.316006298002482,1,0,1,1,1,1
510000,25,105,156,2,1,1,0.439979794492914,2.09859487507444,1.73064275976658,1.64646070618867,0.628678226638095,0.110807460447929,0.628318239712816,0,0,0,0,0,1
1329890,2,144,236,3,1,2,0.195054969216692,1.87462140652788,1.91608676393435,0.245095210866264,0.965241619668263,0.281126738127034,0.259745492419053,1,0,0,0,0,1
999890,2,129,246,3,2,2,0.195054969216692,1.87462140652788,1.91608676393435,0.245095210866264,0.965241619668263,0.281126738127034,0.259745492419053,1,1,0,0,0,1
1421000,4,130,207,3,2,2,0.221668927665943,2.31681277713683,1.64664640947947,1.39586097524413,0.313004120778225,0.240810948039254,0.332315053129826,0,0,0,0,0,1
799000,9,94,167,2,1,0,0.369349514996601,1.02161835288398,2.35415658681546,1.13999601564237,0.630425679435635,0.25178397896375,0.252361872984495,1,1,0,0,0,1
485000,10,76,118,2,1,1,0.262046634717644,1.80664171219833,2.13461765078938,1.81729007785456,0.683580639112198,0.501240991558403,0.709130914461919,1,0,0,1,1,1
590000,22,100,171,3,1,2,0.34907929882782,1.23382694310483,2.559288030031,1.10945659097603,0.318322964476427,0.427904671910051,0.258280957478145,1,0,0,0,0,1
430000,37,83,125,2,1,1,0.380422992759571,1.9484966873268,1.92172632973373,1.76875916004982,0.626982103470743,0.281149772897972,0.710115592129136,0,1,0,0,0,1
650000,10,96,165,2,1,2,0.074733882389046,1.36192432088399,2.54389668944075,1.67603468841647,0.527627071502095,0.228462114772393,0.378517147795199,0,0,0,0,1,1
6e+05,32,123,172,2,1,1,0.169680011433508,1.54948080116698,2.33866118846402,1.78336495308435,0.634697035284903,0.397356321646331,0.584405905705337,0,0,0,0,0,1
615000,40,119,160,3,1,1,0.130895747917027,0.768683492611269,2.35481732889814,1.35536523634917,0.869059932054316,0.446019074058378,0.190332877492186,0,0,0,0,0,1
1170000,8,155,263,5,3,2,0.017319406124049,1.57954832940821,0.847306654391622,1.15654095878326,0.329880220365433,0.63647882678189,0.170035334907912,1,1,0,0,1,1
741000,1,90,175,2,1,2,0.047425554427642,2.31798847710958,2.41387720327016,0.604177347931907,0.987840887182039,0.101101564605523,0.828568386401989,1,0,1,0,0,1
850000,25,144,186,3,0,2,0.308388262729871,1.88434273846685,2.11023140687813,1.77977682666025,0.59761148584001,0.499856493118004,0.625275286602264,1,1,1,0,1,1
530000,17,91,140,3,1,1,0.139503722015743,2.28708932868712,1.71738242991717,1.42714604596253,0.267747088030661,0.298955620047309,0.356756860745846,1,1,1,0,1,1
1254900,1,122,233,3,1,2,0.191244084845678,1.16132870463112,2.81833322924902,1.3903009183453,0.359806241539658,0.380267577006775,0.146160856659568,1,1,1,0,1,1
413000,26,84,122,2,1,1,0.126101673709507,2.43112030700997,1.56643580264455,1.28131572853585,0.260149404519637,0.326119850862718,0.216929054178737,0,0,0,0,0,1
879000,37,184,281,4,1,2,0.285182805418728,2.37930711268341,1.43428370920002,1.4567472210202,0.548627509695952,0.178505272358126,0.576535670973539,0,0,0,0,0,1
385000,31,81,120,2,1,1,0.426403643639202,1.24595780785203,2.40765006736531,0.994454817412779,0.42876891654194,0.282759861978967,0.106609469679908,0,0,0,0,0,1
650000,24,103,192,3,1,2,0.164659033239918,0.834526729566161,2.35169776991793,1.8373474011681,0.848854450624396,0.311250534635019,0.347404382445804,0,0,0,0,0,1
780000,11,118,182,3,1,2,0.197389401657189,1.22515771159904,2.54632213665318,1.81093864284516,0.900617332875227,0.263210023235572,0.548009964135996,0,0,0,0,1,1
950000,21,167,252,5,3,2,0.242830403414276,1.46130411928317,1.88079030630573,0.667323026896612,0.903405384821528,0.188817467030799,0.074565032946361,0,0,0,0,0,1
439000,27,72,115,2,1,1,0.074576481209158,2.1685014482134,1.17609060252761,1.21134952430727,0.4808130059756,0.162869206277292,0.527539784501447,1,0,0,0,0,1
660000,19,101,151,3,1,2,0.077276368187717,0.737490265311831,2.44151784146552,1.56965530877952,0.759414263283481,0.28021246742439,0.120737934056675,1,1,0,0,0,1
1090000,4,109,203,3,2,3,0.617861178891193,1.92846394417352,1.8599231570616,1.52257823916343,0.844269819528069,0.330324537421347,0.853416391651373,1,1,0,0,1,1
1029104,1,108,250,3,1,2,0.246679504592396,2.05570002633607,1.86716660538767,1.65682572510845,0.490994253338755,0.254944098969791,0.589935534661,1,1,1,1,1,1
360000,37,83,125,3,1,1,0.380422992759571,1.9484966873268,1.92172632973373,1.76875916004982,0.626982103470743,0.281149772897972,0.710115592129136,0,0,0,0,0,1
329000,41,87,121,2,1,1,0.35067917870477,2.26825638298391,1.59152850686447,1.46950769833505,0.510457889518567,0.066425594096724,0.4614158489291,0,0,0,0,0,1
250000,39,70,81,1,0,1,0.10542333406389,1.78093485085738,2.6005877701589,0.836371326019764,0.382337328376848,0.703521796915366,0.551026717626293,0,0,0,0,0,1
948640,2,103,184,2,2,2,0.350250365211273,2.21465058818702,1.56370043144158,1.36452356009928,0.548452473112742,0.29868816869199,0.760420193127843,1,0,1,1,1,1
979000,1,120,220,3,2,2,0.334214005560716,1.63568422301482,2.14648953600269,1.59175409273477,0.883218189584595,0.570208161087253,1.10873367501814,1,0,1,1,1,1
549000,17,101,141,3,1,1,0.468701482658397,2.08189227008889,1.73837648127697,1.6214667605154,0.659600801870106,0.135550118706186,0.65690597178324,0,0,0,0,0,1
1864000,3,155,254,4,3,2,0.35598553006085,2.33110918486816,1.48141187240722,1.45747197959782,0.620897800677574,0.176507584224335,0.533281930886393,0,1,0,1,1,1
1494000,3,139,241,4,3,2,0.35598553006085,2.33110918486816,1.48141187240722,1.45747197959782,0.620897800677574,0.176507584224335,0.533281930886393,0,1,0,1,1,1
1850000,3,158,258,5,3,3,0.337054372346665,2.08497505458167,2.25674409669638,1.49622153494893,0.551867112408383,0.808753000768382,0.222569287374909,1,1,1,1,1,1
1320000,1,122,228,3,1,2,0.197401072207089,1.16093152895271,2.81484542617358,1.37573349704049,0.353780681149803,0.395825178421531,0.15562187478353,1,0,0,0,0,1
1920000,3,132,228,4,2,3,0.1449806032187,1.41900753262806,2.68878054753185,1.10692392096445,0.106897700110672,0.600945214976416,0.728072378353664,1,0,0,1,1,1
1180000,1,122,225,3,1,2,0.193625561273573,1.16032150366551,2.818933476282,1.38668447071758,0.35891453140776,0.384313641456089,0.147913295920695,0,1,0,0,1,1
340000,34,79,115,2,1,1,0.136120669447423,2.53144820033199,1.94410688621541,1.31119432721135,0.300458825342588,0.829073101659239,0.550604811459373,0,0,0,0,1,1
750000,12,162,213,3,1,3,0.151959227201346,2.21682157610548,1.37624924836674,1.23407170341599,0.325727505309329,0.19940177603401,0.818713657528537,1,1,0,0,0,0
520000,10,135,190,2,1,1,0.498396395742305,1.874185231675,1.95200623026819,1.69649490772478,0.750568077080987,0.331386025407154,0.813537937148544,0,0,0,0,0,0
595000,17,131,180,3,1,2,0.223306253230134,2.39632589310941,1.23446712344799,0.245601423506625,0.564554481960418,1.19742530947576,1.02706435693512,1,0,0,0,0,0
740000,12,162,259,3,1,3,0.317368320875496,2.23583181332661,1.54122700703748,1.29778717479273,0.49557061204056,0.295685138710468,0.810958039446258,1,0,0,0,0,0
949000,1,147,217,4,3,2,0.232830271310321,2.10101319150694,2.41355315761198,1.32663999933065,0.625784226731217,0.682641604916997,0.038513810543266,1,0,0,0,0,0
820000,10,140,155,3,1,2,0.435408414310029,1.98461478238917,2.29908479211682,1.47779804108728,0.581371219054751,0.798129922317659,0.263205600747694,1,1,0,0,0,0
858980,1,148,200,2,3,2,0.083525395181506,2.19034023257982,1.92518901445917,1.55661425646287,0.291757350364275,0.478212361487059,0.510793055164808,1,1,0,0,1,0
950000,1,179,188,5,3,2,0.248559230301048,2.45307435682582,2.52912986858647,1.26730584063073,0.869951783620846,0.280878351708933,0.383524719910978,1,0,0,0,0,0
950013,1,179,188,4,3,2,0.248559230301048,2.45307435682582,2.52912986858647,1.26730584063073,0.869951783620846,0.280878351708933,0.383524719910978,0,0,0,0,0,0
950000,1,179,188,5,3,2,0.248559230301048,2.45307435682582,2.52912986858647,1.26730584063073,0.869951783620846,0.280878351708933,0.383524719910978,1,0,0,0,0,0
950000,1,179,188,3,3,2,0.248559230301048,2.45307435682582,2.52912986858647,1.26730584063073,0.869951783620846,0.280878351708933,0.383524719910978,0,0,0,0,0,0
950040,1,179,188,4,3,2,0.248559230301048,2.45307435682582,2.52912986858647,1.26730584063073,0.869951783620846,0.280878351708933,0.383524719910978,0,0,0,0,0,0
950001,1,179,188,4,3,2,0.248559230301048,2.45307435682582,2.52912986858647,1.26730584063073,0.869951783620846,0.280878351708933,0.383524719910978,0,1,0,0,0,0
950012,1,179,188,4,3,2,0.248559230301048,2.45307435682582,2.52912986858647,1.26730584063073,0.869951783620846,0.280878351708933,0.383524719910978,0,0,0,0,0,0
950008,1,179,188,4,3,2,0.248559230301048,2.45307435682582,2.52912986858647,1.26730584063073,0.869951783620846,0.280878351708933,0.383524719910978,0,0,0,0,0,0
950003,1,179,188,4,3,2,0.248559230301048,2.45307435682582,2.52912986858647,1.26730584063073,0.869951783620846,0.280878351708933,0.383524719910978,0,0,0,0,0,0
950000,1,179,188,4,3,2,0.248559230301048,2.45307435682582,2.52912986858647,1.26730584063073,0.869951783620846,0.280878351708933,0.383524719910978,0,0,0,0,0,0
560000,41,129,140,3,0,2,0.406056750405672,1.96689089486057,2.1505598471088,0.319731003647482,0.848456881067708,0.47157688704715,0.703214533182522,0,0,0,0,0,0
1814400,1,152,300,5,3,3,0.118799497981217,1.30238742747753,2.81811945987289,1.29645240075687,0.212231887533201,0.473307022813809,0.292010951512882,1,1,1,1,1,0
875000,10,125,126,3,1,2,0.337777595734826,2.54962988225758,1.39164957790894,0.877552173041225,0.394374596119788,0.751969933943418,0.228089918889277,1,0,0,0,0,0
1003300,1,122,237,3,1,2,0.192561103208019,1.16039235200651,2.81793572183202,1.38941669934465,0.360090625861152,0.381400812220663,0.146187642490898,0,1,1,0,1,0
9e+05,15,125,210,4,1,3,0.110267192501535,1.36961588633589,2.40808157732998,1.68238328238992,0.965420350577239,0.386187790932991,0.97059599687097,1,1,0,0,0,0
595000,17,131,180,2,1,2,0.223306253230134,2.39632589310941,1.23446712344799,0.245601423506625,0.564554481960418,1.19742530947576,1.02706435693512,1,1,0,0,0,0
