"husage","husearns","huseduc","husblck","hushisp","hushrs","kidge6","earns","age","black","educ","hispanic","union","kidlt6","hrwage"
31,800,17,0,0,40,0,480,29,0,14,0,0,0,12
33,950,13,0,0,60,0,455,30,0,12,0,0,1,11.375
34,1000,14,0,0,50,1,102,31,0,12,0,0,0,5.1
42,730,14,0,0,40,1,300,41,0,12,0,0,0,10
45,1154,16,0,0,38,1,425,45,0,18,0,0,0,12.14286
33,1350,16,0,0,40,0,770,32,0,12,0,0,0,19.25
31,769,18,0,0,55,0,125,27,0,14,0,0,1,5.952381
31,340,12,0,0,40,0,245,30,0,15,0,0,1,7
44,750,12,0,0,40,1,539,42,0,12,0,0,0,13.475
45,1200,12,0,0,50,0,300,42,0,12,0,0,0,7.5
22,249,12,0,0,40,0,299,23,0,13,0,0,0,7.475
66,500,16,0,0,40,0,500,55,0,12,0,0,0,12.5
43,400,12,0,0,50,1,260,31,0,12,0,0,0,6.5
26,520,14,0,0,36,0,345,27,0,14,0,0,0,8.625
51,500,12,0,0,40,0,320,49,0,12,0,0,0,5.333333
38,1500,16,0,0,40,0,550,38,0,16,0,0,1,13.75
37,465,12,0,0,50,0,687,32,0,17,0,1,1,17.175
54,300,18,0,0,60,0,400,52,0,18,0,1,0,8
29,600,16,0,0,50,0,460,27,0,14,0,0,1,11.5
35,600,16,0,0,42,0,600,31,0,12,0,0,0,15
38,240,18,0,0,48,1,400,36,0,16,0,0,0,10
31,675,16,0,0,40,0,434,32,0,14,0,0,1,18.08333
46,1000,12,0,0,24,0,992,33,0,12,0,1,0,24.8
31,266,13,0,1,38,0,200,27,0,12,1,0,1,5
41,520,12,0,0,40,1,240,37,0,13,0,0,0,6
44,401,6,0,0,40,0,220,45,0,12,0,0,0,5.5
46,950,11,0,0,45,0,150,46,0,11,0,0,0,6.25
31,550,12,0,0,40,0,670,30,0,12,0,0,0,11.16667
27,338,12,0,0,25,0,333,28,0,16,0,0,1,8.325
33,480,13,1,0,40,0,360,32,1,14,0,0,1,9
33,850,18,0,0,40,0,646,34,0,16,0,0,0,16.15
60,450,10,0,0,54,0,543,57,0,12,0,1,0,13.575
54,400,12,0,0,40,0,325,54,0,12,0,0,0,8.125
48,600,12,0,0,40,0,235,50,0,13,0,0,0,6.714286
37,600,18,0,0,38,0,230,26,0,13,0,0,1,9.2
24,280,12,1,0,40,0,200,29,1,12,0,0,1,6.666667
54,500,12,0,0,55,0,100,51,0,12,0,0,0,4.761905
50,780,12,0,0,40,0,600,42,0,16,0,1,0,15
49,606,12,0,0,57,0,126,50,0,12,0,0,0,4.5
37,600,16,0,0,38,1,450,36,0,16,0,1,0,12.85714
56,1200,12,0,0,40,0,450,54,0,15,0,0,0,18.75
24,430,16,0,0,40,0,153,23,0,16,0,0,0,5.1
51,1600,18,0,0,50,0,275,51,0,12,0,0,0,10.18519
34,368,10,0,0,32,1,231,33,0,12,0,0,0,5.775
35,175,18,0,0,20,0,400,27,0,16,0,0,1,10
37,400,12,0,0,40,1,400,38,0,14,0,0,0,10
27,625,13,0,0,40,0,396,26,0,12,0,0,0,11.31429
39,360,14,0,0,40,0,500,33,0,14,0,1,1,12.5
26,1200,13,0,0,40,0,500,25,0,16,0,0,0,11.11111
38,1000,14,0,0,46,0,700,38,0,14,0,1,1,20
38,770,14,0,0,32,1,414,38,0,14,0,0,0,17.25
33,400,12,0,0,40,0,105,28,0,12,0,0,0,3.5
27,200,12,0,0,40,0,326,22,0,12,0,0,0,8.15
39,1500,16,0,0,40,0,500,38,0,12,0,1,0,12.5
32,650,13,0,0,50,1,425,33,0,14,0,0,0,10.625
52,440,10,0,0,40,1,126,37,0,12,0,0,0,3.9375
54,770,18,0,0,40,0,475,56,0,14,0,0,0,11.875
25,230,13,0,0,40,0,650,24,0,14,1,0,1,16.25
34,400,12,0,0,48,0,200,34,0,10,0,0,1,6.666667
42,486,12,0,0,48,0,136,39,0,12,0,0,0,5.666667
31,170,12,0,0,40,0,200,31,0,12,0,0,1,5
61,264,12,0,0,40,0,418,55,0,12,0,0,0,10.45
36,700,14,0,0,40,0,680,33,0,14,0,0,1,18.88889
50,300,12,0,0,45,0,300,51,0,12,0,0,0,7.5
35,550,16,0,0,40,0,300,34,0,16,0,0,1,10
42,529,18,0,0,40,0,323,32,0,14,0,0,1,8.075
41,750,17,1,0,55,0,770,42,1,17,0,1,1,15.4
41,340,13,0,0,40,1,233,41,0,12,0,0,0,5.825
57,600,14,1,0,40,0,450,50,1,12,0,0,0,11.25
59,550,13,0,0,49,0,760,57,0,18,0,0,0,15.2
29,375,16,0,0,40,0,310,28,0,16,0,0,0,7.75
30,962,18,0,0,40,0,480,29,0,16,0,0,0,9.6
45,600,16,0,0,50,0,600,43,0,18,0,1,0,15
27,750,16,0,0,38,0,450,27,0,16,0,0,0,11.25
57,1923,16,0,0,60,0,1000,56,0,16,0,0,0,20
26,400,12,0,0,50,0,320,24,0,12,0,0,0,8
46,736,11,0,0,52,1,196,42,0,12,0,0,0,6.533333
30,360,14,0,0,40,0,512,29,0,16,0,1,1,16
41,750,13,0,0,55,1,275,38,0,13,0,0,0,6.875
57,480,16,0,0,40,0,240,36,0,12,0,1,0,6
47,500,13,0,0,40,1,168,46,0,14,0,0,0,7
35,900,13,0,0,40,1,105,39,0,12,0,0,0,5.25
41,1100,14,0,0,40,1,287,40,0,14,0,0,0,8.2
25,320,13,0,0,40,0,404,25,0,14,0,0,1,10.1
33,280,14,0,0,40,0,500,32,0,17,0,1,0,12.5
52,1300,16,0,0,40,0,462,50,0,16,0,1,0,10.26667
43,450,13,0,0,35,0,425,42,0,12,0,0,0,12.14286
45,611,12,0,0,40,0,608,40,0,15,0,1,0,15.2
34,512,12,0,1,50,0,308,27,0,12,1,0,1,7.7
41,727,14,0,0,40,0,727,42,0,12,0,1,1,18.175
26,470,12,1,0,40,0,500,25,1,12,0,0,0,12.5
33,865,16,0,0,40,0,150,29,0,12,0,0,1,3.75
46,480,16,0,0,60,1,340,44,0,17,0,0,0,8.5
30,950,14,0,0,52,0,333,30,0,14,0,0,0,8.325
47,907,14,0,0,40,1,160,47,0,12,0,1,0,8
42,660,16,0,0,40,0,375,40,0,16,0,0,1,9.375
24,280,9,0,0,42,0,400,23,0,12,0,0,1,8.888889
21,600,13,0,0,56,1,300,33,0,12,0,0,0,7.5
41,400,12,0,0,45,1,350,44,0,16,0,0,0,7.777778
41,240,12,0,0,48,1,550,38,0,12,0,0,0,12.22222
41,675,13,0,0,55,1,276,42,0,13,0,0,0,6.9
44,420,12,0,0,52,1,345,43,0,13,0,0,0,11.5
29,350,17,0,0,40,0,497,29,0,14,0,0,1,13.80556
40,625,18,0,0,35,1,165,37,0,12,0,0,0,6.6
55,450,12,0,0,40,1,314,41,0,12,0,0,0,7.85
43,260,13,0,0,40,1,300,44,0,14,0,1,0,7.5
37,635,18,0,0,32,0,615,28,0,18,0,0,1,15.375
29,756,16,0,0,43,0,654,30,0,16,0,0,0,16.35
43,413,14,0,0,40,1,260,42,0,12,0,0,0,6.5
27,225,12,1,0,40,0,357,29,1,12,0,0,1,8.925
42,500,18,0,0,40,1,400,28,0,18,0,0,0,10
45,780,12,0,0,40,1,435,42,0,12,0,0,0,10.875
52,630,12,0,0,55,0,580,53,0,12,0,0,0,10.54545
40,385,12,0,0,58,1,433,37,0,12,0,1,0,10.825
49,460,12,0,0,40,0,280,45,0,12,0,1,0,7
32,400,12,0,0,60,0,360,30,0,12,0,0,1,9
57,875,12,0,0,45,0,442,49,0,12,0,0,0,11.05
31,425,12,0,0,50,0,150,24,0,10,0,0,1,5
55,660,12,0,0,40,0,600,45,0,12,0,0,0,25
59,625,12,0,0,45,0,398,56,0,12,0,1,0,9.95
28,300,12,0,0,40,0,180,29,0,12,0,0,1,9
29,300,12,0,1,40,0,344,27,0,12,1,0,1,8.6
45,1500,14,0,0,40,0,600,44,0,16,0,0,0,15
37,650,12,0,0,45,0,370,26,0,13,0,0,0,9.25
61,250,10,0,0,52,0,200,58,0,12,0,0,0,5.714286
35,530,12,0,0,45,1,682,34,0,12,0,0,0,17.05
36,600,12,0,0,60,0,350,35,0,16,0,0,1,8.75
34,660,8,0,0,60,0,195,29,0,14,0,0,1,9.285714
37,600,13,0,0,60,0,458,30,0,12,0,0,1,11.45
47,440,12,1,0,40,0,162,45,1,12,0,1,0,4.05
62,692,12,0,0,40,0,692,57,0,12,0,0,0,17.3
41,85,12,1,0,40,1,268,39,1,12,0,1,0,6.7
42,224,12,1,0,40,1,500,41,1,12,0,0,0,12.5
28,446,12,0,0,40,0,420,41,0,13,0,0,0,10.5
59,700,16,0,0,40,0,130,54,0,16,0,0,0,6.5
35,666,12,0,0,44,0,360,27,0,12,0,0,0,9
32,560,13,0,1,40,0,308,33,0,15,1,0,1,7.7
35,443,16,0,0,55,0,275,25,0,16,0,0,0,6.111111
44,538,17,0,0,40,0,480,36,0,17,0,1,1,12
31,742,16,0,0,45,0,385,26,0,14,0,0,0,9.625
31,485,12,0,0,58,0,125,26,0,12,0,0,1,5.208333
36,382,18,0,0,29,0,609,32,0,14,0,1,1,15.225
26,770,16,0,1,40,0,300,24,0,16,0,0,0,7.5
31,234,16,0,0,25,0,374,26,0,12,0,1,1,9.35
45,1900,18,0,0,60,1,885,46,0,18,1,0,0,22.125
51,250,12,0,0,40,0,400,53,0,17,0,1,0,10
49,400,12,0,1,40,0,300,46,0,8,1,0,0,8.571428
39,290,12,0,0,40,1,254,36,0,10,0,0,0,6.35
33,405,12,0,0,47,1,346,38,0,12,0,0,0,8.65
43,800,14,0,0,40,1,560,39,0,12,0,0,0,14
48,472,10,0,0,40,0,294,47,0,12,0,0,0,7.35
53,600,14,0,0,40,0,400,54,0,14,0,1,0,10
61,685,11,0,0,40,0,540,59,0,12,0,0,0,13.5
44,1300,18,0,0,40,1,250,44,0,14,0,0,0,7.142857
26,460,12,0,0,40,0,400,25,0,14,0,0,0,10
49,360,6,0,0,40,0,400,48,0,14,0,0,0,10
41,400,16,0,1,40,0,424,39,0,16,1,0,1,10.6
49,800,12,0,0,40,1,160,49,0,12,0,0,0,6.666667
49,440,12,0,0,40,0,345,47,0,12,0,0,0,8.625
51,420,10,0,0,40,0,224,49,0,12,0,0,0,4.148148
35,570,12,0,0,44,0,460,34,0,13,0,0,1,11.5
35,392,9,0,0,40,0,375,27,0,16,0,0,1,9.375
27,365,16,0,0,45,0,346,26,0,16,0,1,0,7.688889
48,1000,17,0,1,45,0,1800,47,0,15,0,0,0,30
22,660,16,0,0,50,0,105,22,0,16,0,0,0,5.25
48,425,9,0,0,40,1,425,41,0,12,0,0,0,10.625
57,1800,18,0,0,40,0,600,54,0,18,0,0,0,17.14286
62,200,11,0,0,40,0,520,58,0,12,0,0,0,13
47,560,16,0,0,40,1,640,44,0,16,0,0,0,16
26,350,16,0,0,45,0,400,28,0,16,0,0,0,10
28,800,16,0,0,50,0,450,29,0,12,0,0,0,9
53,260,12,0,0,40,0,300,51,0,11,0,0,0,6.666667
56,450,12,0,0,40,0,375,54,0,14,0,0,0,9.375
39,800,16,0,0,40,1,1000,35,0,16,0,0,0,22.22222
44,640,12,0,0,40,1,200,39,0,12,0,0,0,5
30,540,16,0,0,46,0,423,29,0,16,0,1,1,10.575
24,250,12,1,0,40,0,210,30,1,16,0,0,0,5.25
49,400,8,0,0,60,0,164,46,0,13,0,0,0,8.2
33,720,12,0,0,55,0,392,32,0,16,0,0,1,16.33333
48,480,12,0,0,40,0,288,47,0,12,0,0,0,7.2
46,1200,16,0,0,50,0,425,45,0,16,0,0,0,9.444445
45,370,15,0,0,45,0,550,45,0,16,0,0,0,13.75
29,600,14,0,0,40,0,700,34,0,13,0,0,0,20
62,425,5,0,0,40,0,348,59,0,9,0,0,0,8.7
39,480,12,0,0,40,0,475,37,0,18,0,1,1,22.61905
30,310,12,0,0,54,0,150,24,0,12,0,0,1,5
36,675,16,0,0,30,0,494,35,0,13,0,0,0,14.11429
40,699,14,0,0,40,1,772,40,0,13,0,0,0,19.3
50,700,11,0,1,40,0,600,37,0,13,1,0,1,15
37,350,12,0,0,35,1,800,35,0,12,0,0,0,20
36,400,12,0,0,40,0,400,35,0,12,0,0,0,10
30,653,13,0,0,45,1,415,32,0,12,0,0,0,9.222222
53,1060,18,0,0,40,1,274,49,0,12,0,0,0,6.85
50,720,14,0,0,42,0,720,46,0,14,0,0,0,18
44,584,16,0,0,32,1,434,41,0,15,0,0,0,10.85
29,418,13,0,0,38,0,760,35,0,13,0,0,0,21.71428
63,168,8,0,0,24,0,347,54,0,10,0,0,0,8.675
21,350,12,0,0,40,0,220,18,0,12,0,0,1,5.5
26,500,16,0,0,40,0,320,28,0,16,0,0,0,8
27,732,12,0,0,40,0,163,25,0,12,0,0,1,6.52
23,700,12,0,0,40,0,240,24,0,12,0,0,1,6
42,600,18,0,0,40,0,600,38,0,18,0,0,1,24
34,525,16,0,0,38,0,302,29,0,12,0,0,1,10.06667
41,600,14,0,0,40,0,560,44,0,12,0,1,0,14
22,207,12,0,0,41,0,310,21,0,12,0,0,1,6.2
40,728,12,0,0,56,1,180,40,0,12,0,0,0,7.5
32,665,15,0,0,45,0,500,30,0,18,0,0,1,12.5
34,235,12,0,0,50,0,331,31,0,12,0,0,1,9.457143
53,500,18,0,0,45,0,1200,52,0,18,0,0,0,26.66667
52,226,9,1,0,36,0,600,48,1,15,0,1,0,15
54,440,12,0,0,32,0,294,46,0,14,0,1,0,7.35
28,450,12,0,0,45,0,250,27,0,10,0,0,1,5.555555
60,560,10,0,0,40,0,364,58,0,14,0,0,0,11.375
38,345,6,0,1,40,1,365,35,0,9,1,1,0,9.125
47,370,18,0,0,37,0,625,44,0,16,0,0,0,15.625
53,279,12,0,0,40,0,285,51,0,12,0,0,0,7.125
26,416,16,0,0,35,0,332,25,0,16,0,1,0,8.3
25,500,13,0,0,40,0,754,23,0,13,0,1,0,15.70833
43,1200,16,0,0,40,1,236,43,0,12,0,0,0,5.9
54,575,12,0,0,48,0,555,46,0,12,0,0,0,13.875
41,705,16,0,0,40,1,259,37,0,14,0,0,0,7.4
41,700,12,0,0,45,0,200,37,0,12,0,0,1,6.666667
44,569,18,0,0,40,0,579,38,0,18,0,0,1,14.475
59,1500,17,0,0,40,0,1500,58,0,12,0,0,0,37.5
23,320,12,0,0,40,0,518,25,0,12,0,0,1,10.36
58,800,17,0,0,55,0,140,58,0,12,0,0,0,7
52,710,12,0,0,45,0,164,52,0,12,0,0,1,5.466667
36,492,13,0,0,40,1,360,36,0,15,0,1,0,9
48,1000,14,0,0,40,0,700,51,0,12,0,0,0,17.5
38,750,13,0,0,50,1,300,35,0,15,0,0,0,7.5
39,1700,17,0,0,65,1,490,38,0,12,0,0,0,16.33333
38,1500,13,0,0,60,1,214,39,0,13,0,0,0,5.35
44,615,12,1,0,40,0,383,43,1,12,0,1,0,9.575
39,485,16,0,0,40,1,475,39,0,16,0,0,0,11.875
43,580,16,0,0,48,1,210,42,0,12,0,0,0,5.25
31,560,14,0,0,40,0,260,31,0,15,0,0,1,6.5
39,600,12,0,0,40,0,600,33,0,12,0,1,1,15
29,350,12,0,0,40,0,410,28,0,14,0,0,1,9.111111
38,1200,16,0,0,40,0,370,28,0,13,0,0,0,9.25
27,962,16,0,0,50,0,423,27,0,14,0,0,0,10.575
44,688,17,0,0,32,1,465,43,0,17,0,1,0,11.625
44,750,18,0,0,40,0,397,49,0,16,0,0,0,8.822222
29,584,15,0,0,56,0,500,26,0,15,0,0,0,10.41667
43,975,18,0,0,32,1,827,42,0,18,0,1,0,27.56667
31,600,12,0,0,40,0,550,27,0,12,0,0,0,12.5
56,460,8,0,0,40,0,259,51,0,12,0,0,0,6.475
45,280,15,0,0,40,0,337,51,0,13,0,0,0,8.425
32,1350,18,0,0,50,0,750,34,0,15,0,0,1,18.75
33,450,16,1,0,60,0,575,34,1,16,0,0,1,11.5
30,539,13,0,0,40,0,372,23,0,12,0,0,1,9.3
32,700,12,0,1,50,0,350,25,0,12,1,0,0,8.75
40,480,12,0,0,40,0,200,43,0,14,0,0,1,5
29,460,14,0,0,40,0,400,32,0,12,0,1,0,10
33,800,18,0,0,60,0,250,32,0,16,0,0,1,12.5
37,563,12,0,0,60,1,334,35,0,12,0,0,0,8.35
37,500,16,0,0,50,1,500,34,0,17,0,1,0,12.5
48,1250,16,0,0,45,0,285,46,0,12,0,0,0,7.125
51,350,12,0,0,40,0,620,43,0,17,0,0,0,15.5
30,400,12,0,0,40,0,650,29,0,16,0,0,0,16.25
29,424,13,0,0,60,0,340,24,0,12,0,0,1,8.5
28,500,13,0,0,40,0,385,29,0,15,0,0,1,9.625
45,850,12,0,0,55,0,144,44,0,12,0,0,0,5.333333
47,1500,18,0,0,50,1,750,46,0,18,0,1,0,21.42857
26,250,12,0,0,40,0,250,25,0,12,0,0,1,6.25
53,770,14,0,0,35,0,200,45,0,7,0,0,0,5
46,550,12,0,0,40,0,600,41,0,16,0,0,0,15
40,654,16,0,1,40,0,300,39,0,12,1,0,1,10
62,300,12,0,0,60,0,140,57,0,12,0,0,0,6.666667
49,1500,16,0,0,48,1,405,35,0,12,0,1,0,10.125
34,1263,12,0,0,60,0,692,32,0,18,0,0,0,17.3
47,500,14,0,0,55,0,350,43,0,12,0,0,0,10.9375
36,1000,16,0,0,50,0,272,36,0,14,0,0,1,8.5
37,240,14,0,0,40,1,854,33,0,15,0,0,0,14.23333
39,850,16,0,0,50,1,117,37,0,12,0,0,0,4.68
46,240,12,0,0,40,1,453,38,0,12,0,0,0,11.325
34,275,14,0,0,55,0,184,31,0,12,0,0,1,4.6
41,900,16,0,0,40,0,540,35,0,17,0,0,0,13.5
49,425,8,0,0,60,0,280,48,0,12,0,0,0,7
46,280,12,0,0,32,0,577,46,0,16,0,1,0,11.54
34,500,12,0,0,50,1,360,33,0,12,0,0,0,9
43,650,12,0,0,38,1,720,40,0,14,0,0,0,18
24,450,13,0,0,50,0,366,23,0,14,0,0,0,9.15
48,673,16,0,0,50,0,577,45,0,16,0,0,1,14.425
52,1000,14,0,0,50,0,300,35,0,12,0,0,0,7.5
45,254,16,0,0,45,1,166,43,0,13,0,0,0,6.916667
54,700,8,0,0,50,1,175,40,0,13,0,0,0,5
37,519,18,0,0,45,0,183,36,0,17,0,0,1,9.15
51,520,12,0,0,45,1,700,39,0,12,0,0,0,17.5
41,600,13,0,0,50,0,500,45,0,16,0,0,0,12.5
30,550,12,0,0,50,0,350,30,0,18,0,0,1,17.5
38,340,13,0,0,40,1,250,48,0,16,0,0,0,5.555555
31,345,12,0,0,48,0,290,25,0,14,0,0,1,7.25
50,500,12,0,0,50,0,336,57,0,11,0,0,0,7
42,950,12,0,0,50,1,247,43,0,12,0,0,0,7.057143
39,360,11,1,0,40,1,260,40,1,12,0,0,0,6.5
49,200,10,0,1,65,0,191,51,0,7,1,0,0,3.979167
61,400,16,0,0,40,0,563,57,0,15,0,0,0,14.075
43,300,12,0,0,40,0,425,44,0,12,0,0,0,8.5
40,932,16,0,0,40,1,1182,42,0,18,0,1,0,29.55
36,560,12,0,0,40,1,200,32,0,13,0,0,0,5
30,528,13,0,0,48,0,186,31,0,14,0,0,0,5.8125
27,560,12,0,0,40,0,480,28,0,12,0,0,1,12
48,600,12,0,0,40,1,173,41,0,14,0,0,0,5.766667
39,900,18,0,0,40,0,300,40,0,14,0,1,1,12.5
55,325,15,0,1,36,0,318,48,0,13,1,0,0,7.95
43,961,16,0,0,40,0,500,40,0,16,0,1,0,12.5
44,600,15,0,0,48,1,450,37,0,12,0,0,0,11.25
52,1500,16,0,0,50,0,875,49,0,16,0,0,0,17.5
59,670,18,0,0,40,0,317,55,0,14,0,0,0,7.925
26,334,11,0,0,40,0,400,23,0,12,0,0,1,10
42,285,7,0,0,40,1,285,40,0,12,0,1,0,7.125
39,800,16,0,0,40,0,300,35,0,12,0,0,1,7.5
58,523,12,0,0,48,0,200,52,0,14,0,0,0,5.555555
36,700,12,0,0,40,0,220,33,0,9,0,1,1,11
35,1000,12,0,0,40,1,520,33,0,15,0,0,0,13
22,400,12,0,0,40,0,180,22,0,12,0,0,0,3.75
45,400,15,0,0,54,1,320,47,0,13,0,0,0,8
49,1000,12,0,0,50,0,338,48,0,12,0,0,0,8.45
55,578,18,0,0,40,1,596,51,0,18,0,1,0,14.9
36,240,12,0,0,40,0,520,45,0,14,0,1,0,13
28,320,12,0,0,40,0,280,35,0,12,1,0,1,7
60,575,18,0,0,40,0,432,57,0,15,0,0,0,18
26,380,11,0,0,48,0,300,28,0,12,0,0,1,7.5
55,800,12,0,0,40,0,160,54,0,12,0,0,0,4.571429
26,200,16,0,0,20,0,520,26,0,18,0,0,0,13
40,250,12,0,0,40,1,456,39,0,13,0,1,0,11.4
38,500,14,0,0,40,0,300,27,0,12,0,0,0,7.5
39,280,12,0,0,40,0,500,40,0,16,0,0,1,12.5
33,560,12,0,0,40,1,240,32,0,12,0,0,0,12
27,468,13,0,0,52,1,232,25,0,13,0,0,0,5.8
43,960,17,0,0,40,1,300,36,0,16,0,0,0,7.5
24,425,12,0,0,60,0,189,26,0,12,0,0,1,4.725
34,456,14,0,0,38,1,140,33,0,13,0,0,0,7
51,950,18,0,0,40,0,600,50,0,12,0,0,0,15
38,300,13,0,0,50,1,204,38,0,13,0,1,0,6.8
29,694,12,0,0,40,0,240,24,0,15,0,0,0,6
41,407,13,0,0,40,0,400,28,0,13,0,0,1,8
42,280,12,1,0,40,1,148,40,1,13,0,0,0,4.228571
30,600,12,0,0,40,0,190,29,0,17,0,0,0,6.333333
43,850,12,0,0,40,0,497,34,0,12,0,0,1,12.425
46,700,16,0,0,44,1,600,42,0,16,0,1,0,15
55,800,18,0,0,48,0,962,52,0,16,0,0,0,21.37778
36,500,12,0,0,40,1,245,34,0,11,0,0,0,6.805555
32,617,15,0,0,42,0,320,28,0,15,0,0,0,8
47,800,12,0,0,40,1,500,44,0,16,0,1,0,12.5
48,300,16,0,0,40,0,260,50,0,12,0,0,0,6.5
44,1500,18,0,0,40,1,500,38,0,16,0,0,0,12.5
41,430,13,0,0,54,0,340,29,0,14,0,0,1,8.5
27,387,12,0,0,42,0,382,23,0,12,0,1,1,9.55
48,900,14,0,0,50,1,650,41,0,17,0,1,0,16.25
43,450,15,0,0,40,1,300,38,0,12,1,0,0,7.5
51,336,12,0,0,41,0,331,51,0,12,0,0,0,7.355556
34,500,12,0,0,40,1,427,36,0,14,0,0,0,10.675
37,500,12,0,0,55,0,404,37,0,12,0,0,0,10.1
31,444,10,0,0,40,1,385,28,0,11,0,0,0,9.625
30,424,10,0,0,40,1,240,29,0,10,0,0,0,6
41,600,13,0,0,40,1,300,36,0,12,0,0,0,10
34,1060,18,0,0,50,0,564,33,0,16,0,0,1,23.5
23,450,12,0,0,50,0,450,26,0,12,0,0,1,10
47,936,13,0,0,60,0,320,40,0,13,0,1,0,8
38,390,12,0,0,44,0,266,38,0,12,0,0,1,6.65
41,700,16,0,0,40,1,500,39,0,16,0,1,0,12.5
57,450,16,0,0,30,0,350,52,0,15,0,0,0,9.722222
30,692,15,0,0,64,0,460,28,0,15,0,0,1,11.5
41,340,14,0,0,40,1,624,41,0,14,0,0,0,15.6
26,400,16,0,0,55,0,247,25,0,16,0,0,0,7.057143
52,450,12,0,0,40,0,212,52,0,12,0,0,0,5.3
43,476,13,0,0,40,0,387,45,0,14,0,0,0,9.675
54,900,12,0,0,40,1,190,43,0,14,0,0,0,9.5
28,300,18,0,0,32,0,500,25,0,12,0,0,1,12.5
49,1000,13,0,0,60,1,130,48,0,12,0,0,0,5.2
57,940,12,0,0,40,0,210,49,0,10,0,0,0,5
50,925,17,0,0,55,0,538,49,0,16,0,1,0,13.45
50,925,17,0,0,55,0,538,49,0,16,0,1,0,13.45
38,560,7,0,0,40,1,278,35,0,12,0,0,0,6.95
39,200,12,0,1,50,0,250,38,0,11,1,1,0,6.25
30,220,12,0,0,40,0,260,30,0,13,0,0,1,6.5
64,750,13,0,0,40,0,300,56,0,12,0,0,0,8.571428
63,234,5,0,1,40,0,150,52,0,5,1,0,0,3.75
51,800,16,0,0,48,0,800,50,0,17,0,0,0,20
35,430,14,0,0,32,0,192,32,0,12,0,0,1,9.142858
33,170,12,0,0,46,0,300,30,0,12,0,0,1,7.5
38,373,18,0,0,40,0,576,40,0,18,0,0,1,16.45714
40,1125,16,0,0,40,1,521,37,0,16,0,0,0,13.025
49,1005,13,0,0,40,1,556,46,0,12,0,0,0,13.9
24,344,14,0,0,40,0,284,29,0,12,0,0,1,7.1
37,500,12,0,0,55,0,125,48,0,12,0,1,1,6.25
25,175,13,0,0,40,0,480,25,0,14,0,0,1,12
35,600,14,0,0,40,0,420,31,0,14,0,0,1,17.5
36,567,14,0,0,40,0,200,38,0,12,0,0,0,5
39,450,12,0,1,40,0,345,38,0,16,0,1,1,7.666667
26,167,13,0,0,25,0,596,27,0,18,0,0,0,14.9
50,225,15,0,0,46,1,800,46,0,17,0,1,0,20
44,425,12,0,0,40,0,456,46,0,12,0,1,0,11.4
39,500,12,0,0,40,1,185,38,0,12,0,0,0,7.4
27,400,12,0,0,40,0,400,33,0,17,1,1,1,10
29,325,12,0,0,40,0,515,29,0,15,0,0,1,14.30556
44,360,12,0,0,30,1,320,42,0,13,0,0,0,8
26,600,13,0,0,44,0,374,27,0,13,0,1,0,9.35
49,1200,18,0,0,50,0,650,48,0,16,0,1,0,16.25
43,700,15,0,0,40,1,520,43,0,16,0,0,0,13
27,461,12,0,0,56,0,480,27,0,12,0,0,0,12
32,480,12,0,0,40,1,125,35,0,12,0,0,0,5
37,340,12,0,0,40,1,139,36,0,12,0,0,0,6.95
42,488,18,0,0,50,1,150,39,0,14,0,0,0,6
49,658,12,0,0,42,1,400,46,0,13,0,0,0,10
41,635,16,0,0,40,1,504,37,0,16,0,0,0,12.6
36,200,16,0,0,40,0,662,30,0,13,1,1,1,16.55
39,982,14,1,0,48,0,240,32,1,12,0,0,1,6
50,326,11,0,0,40,1,144,47,0,12,0,0,0,7.2
36,230,10,0,0,36,1,250,27,0,7,0,0,0,6.944445
37,525,14,0,0,45,0,340,35,0,14,0,0,1,12.14286
25,450,12,0,0,66,0,300,27,0,12,0,0,0,7.5
32,650,13,0,0,40,0,450,27,0,16,0,1,0,11.25
43,877,18,0,0,40,1,462,40,0,10,0,0,0,11.55
43,518,12,0,0,40,0,164,41,0,12,0,0,0,5.466667
45,750,18,0,0,60,0,1000,44,0,18,0,0,0,25
21,414,13,0,0,40,0,380,21,0,14,0,1,1,9.5
59,500,13,0,0,40,0,400,48,0,13,0,0,0,10
55,325,12,0,0,40,0,400,51,0,12,0,0,0,10
32,375,12,1,0,40,0,400,30,1,12,0,1,1,10
44,900,18,0,0,40,0,500,41,0,18,0,0,1,12.5
56,850,16,0,0,43,0,450,52,0,12,0,1,0,11.25
41,653,18,0,0,40,0,690,41,0,13,0,0,0,17.25
35,740,16,0,0,40,0,558,30,0,16,0,0,0,13.95
31,400,13,0,1,44,0,375,21,0,12,0,0,1,9.375
37,481,13,0,0,40,0,220,27,0,13,0,0,0,5.5
36,740,13,0,0,40,0,125,35,0,14,0,0,1,6.25
46,1000,16,0,0,40,1,321,39,0,16,0,0,0,13.375
47,400,12,0,0,32,1,250,43,0,12,0,0,0,8.333333
24,480,12,0,0,40,0,220,24,0,13,0,0,1,5.5
39,600,12,0,0,45,1,147,38,0,14,0,0,0,4.59375
31,798,12,0,0,40,1,327,37,0,12,0,1,0,8.175
27,386,12,0,0,50,0,740,25,0,16,0,0,0,16.44444
23,750,16,0,0,50,0,780,23,0,16,0,0,0,13
25,256,12,0,0,40,0,240,23,0,12,0,0,0,6
35,350,8,0,0,40,1,163,36,0,12,0,0,0,6.52
39,635,13,0,0,40,0,350,33,0,12,0,0,1,8.75
39,600,13,0,0,55,0,600,37,0,15,0,0,0,15
31,624,14,0,0,48,0,400,35,0,12,0,0,1,10
34,750,16,0,0,40,0,400,34,0,18,0,1,1,10
52,500,18,0,0,40,1,400,44,0,18,0,0,0,10
51,640,14,0,0,55,0,629,52,0,14,0,0,0,19.65625
41,700,15,0,0,55,0,600,31,0,16,0,0,0,15
41,720,12,0,0,40,0,495,37,0,12,0,0,1,10.3125
38,650,16,0,0,40,0,500,33,0,16,0,0,0,12.5
35,640,14,0,0,55,0,260,36,0,12,0,0,0,6.5
65,200,16,0,0,20,0,250,59,0,14,0,0,0,12.5
36,240,12,0,0,40,0,460,33,0,16,0,1,1,19.16667
30,600,12,0,1,40,0,175,28,0,12,1,0,1,5
24,420,12,0,0,40,0,430,22,0,12,0,0,0,10.75
48,1200,18,0,0,50,1,672,50,0,15,0,0,0,16.8
26,320,15,0,0,40,0,500,24,0,12,0,0,0,12.5
24,420,16,0,0,45,0,206,22,0,16,0,0,0,4.577778
39,650,12,0,0,40,1,412,37,0,12,0,0,0,10.3
40,480,12,1,0,40,1,423,36,1,14,0,0,0,10.575
44,1500,14,0,1,40,0,360,40,0,12,1,0,0,9
35,500,12,0,0,49,0,400,32,0,12,0,0,1,10
39,320,12,0,0,40,1,303,37,0,12,0,1,0,10.1
35,400,16,0,0,40,0,448,33,0,16,0,0,1,11.2
31,450,16,0,0,50,0,302,29,0,16,0,0,1,7.55
28,280,10,0,0,40,0,160,29,0,13,0,0,1,6.666667
31,400,10,0,0,50,0,280,31,0,12,0,0,1,7
41,650,14,0,0,55,1,163,42,0,14,0,0,0,8.15
38,1800,12,0,0,60,1,175,33,0,12,0,0,0,7.291667
31,176,12,0,0,32,0,598,28,0,16,0,0,0,14.95
51,730,12,0,0,45,0,200,48,0,11,0,0,0,6.25
34,586,12,0,0,56,0,224,34,0,12,0,0,1,8.96
41,750,11,0,0,40,1,845,37,0,14,0,1,0,26.40625
42,300,11,0,1,40,1,600,37,0,12,1,0,0,12
34,600,11,0,1,40,1,238,36,0,9,0,0,0,5.95
38,1150,12,0,0,45,1,256,35,0,12,0,0,0,8
49,600,13,0,0,40,0,370,33,0,15,0,0,0,9.25
33,808,18,0,0,40,0,827,32,0,18,0,0,0,18.37778
49,720,12,0,0,40,0,490,48,0,12,0,1,0,14
52,600,12,0,0,40,0,342,56,0,13,0,0,0,9.771428
25,440,12,0,0,50,0,300,31,0,12,0,0,1,8.571428
35,1500,18,0,0,45,0,300,32,0,18,0,0,0,12.5
51,350,12,0,0,50,1,358,42,0,12,0,0,0,8.95
40,400,15,0,0,56,1,330,41,0,12,0,0,0,8.25
48,540,11,0,0,65,0,255,46,0,12,0,0,0,6.375
47,700,18,0,0,50,1,225,47,0,12,0,0,0,7.5
43,880,16,0,0,40,0,283,33,0,15,0,0,1,8.085714
52,1500,12,0,1,46,0,480,33,0,14,0,0,0,12
49,541,12,1,0,28,0,275,46,1,12,0,0,0,6.875
48,1038,13,0,0,60,0,100,47,0,16,0,0,0,4.761905
34,190,9,0,0,40,0,425,36,1,16,0,0,0,10.625
45,1923,15,0,0,50,0,2884.5,46,0,15,0,1,0,72.1125
43,640,14,0,0,40,1,600,43,0,12,0,0,0,15
33,1300,18,0,0,55,0,650,32,0,18,0,0,1,13
39,700,16,0,0,51,0,750,39,0,17,0,1,1,18.75
62,290,8,0,0,40,0,194,59,0,12,0,0,0,4.85
30,633,12,0,0,40,1,75,30,0,12,0,0,0,3.571429
37,528,12,0,0,40,0,124,30,0,13,0,0,1,6.2
38,730,16,0,0,43,0,280,38,0,16,0,0,1,7
39,280,12,0,0,51,1,400,38,0,12,0,0,0,8.888889
48,1600,17,0,0,40,1,600,42,0,17,0,1,0,20
38,400,12,0,0,40,0,404,31,0,18,0,0,0,10.1
37,510,12,1,0,40,1,480,35,1,12,0,1,0,12
38,240,12,0,0,40,1,200,38,0,12,0,0,0,5
48,520,12,0,0,40,0,224,43,0,12,0,0,0,5.6
33,480,12,0,0,40,1,500,38,0,18,0,0,0,12.5
43,645,15,0,0,56,0,613,45,0,18,0,1,0,15.325
27,652,12,0,0,60,0,280,25,0,12,0,0,0,7
46,800,18,0,0,40,1,300,44,0,18,0,0,0,15
37,330,12,0,0,23,1,306,32,0,14,0,0,0,9.5625
44,550,12,0,0,40,1,450,41,0,14,0,0,0,15
30,320,12,0,0,40,0,260,28,0,12,0,0,1,6.5
47,630,11,0,0,40,1,624,44,0,12,0,1,0,15.6
50,451,10,0,0,46,0,389,46,0,10,0,0,0,9.725
39,560,12,0,0,40,0,360,41,0,12,0,0,1,9
28,350,16,1,0,45,0,165,27,1,16,0,0,1,8.25
29,252,12,0,1,38,0,250,29,0,15,1,0,0,6.25
37,222,8,0,1,40,0,469,34,0,15,1,1,1,11.725
47,372,12,0,0,40,1,310,35,0,12,0,0,0,6.2
42,750,12,0,0,50,1,236,42,0,12,0,0,0,6.742857
34,600,14,0,0,40,0,460,35,0,13,0,1,1,11.5
44,800,16,0,1,32,1,700,45,0,18,0,1,0,17.5
34,800,17,0,0,40,0,530,28,0,16,0,0,0,13.25
49,600,12,0,0,48,0,640,37,0,12,0,0,0,16
33,386,12,0,0,40,0,420,31,0,12,0,1,1,10.5
42,480,9,0,0,40,0,355,37,0,12,0,1,1,8.875
42,923,16,1,0,40,1,923,41,1,16,0,0,0,23.075
30,1923,18,0,0,60,0,594,28,0,16,0,0,0,14.85
41,452,11,0,1,42,0,160,30,0,9,1,0,1,8
43,600,15,0,0,40,0,350,35,0,18,0,0,1,8.75
37,359,14,0,0,40,1,399,40,0,13,0,0,0,9.975
30,595,14,0,1,48,0,430,30,0,16,1,0,1,10.75
62,580,10,0,0,40,0,500,58,0,14,0,0,0,11.11111
55,1500,18,0,0,45,0,770,55,0,12,0,0,0,17.11111
58,500,14,0,0,44,0,240,54,0,12,0,0,0,6
40,600,14,1,0,40,0,480,40,1,14,0,1,0,12
40,1500,16,0,0,40,1,500,43,0,13,0,0,0,12.5
30,1000,16,0,0,50,0,175,28,0,16,0,0,0,7.291667
26,700,12,0,0,40,0,500,28,0,12,0,0,0,12.5
58,550,16,0,0,32,0,155,52,0,16,0,0,0,5.740741
52,1000,16,0,0,30,0,520,36,0,16,0,0,0,16.25
56,960,18,0,0,60,0,500,50,0,18,0,0,0,12.5
24,615,16,0,0,40,0,346,24,0,16,0,0,0,8.65
27,436,13,0,0,40,0,350,26,0,14,0,0,0,8.75
50,320,12,0,0,49,1,270,48,0,12,0,0,0,10.8
38,410,16,0,0,40,1,450,38,0,12,1,0,0,15
41,650,16,0,0,50,0,500,26,0,16,0,0,1,10
32,250,16,0,0,40,0,500,29,0,14,0,0,1,12.5
40,300,14,0,0,40,1,240,38,0,12,0,0,0,6
36,1300,16,1,0,50,0,800,37,1,16,0,1,1,40
46,615,12,0,1,39,0,300,53,0,12,1,0,0,7.5
40,475,12,0,0,60,1,258,43,0,12,0,0,0,8.6
37,532,16,0,0,38,0,520,38,0,16,0,0,1,13
29,420,12,0,0,40,0,150,31,0,12,0,0,0,5
41,250,11,1,0,32,1,349,38,1,9,0,0,0,8.725
37,400,18,0,0,60,0,546,35,0,16,0,0,1,13.65
39,808,14,0,0,40,1,94,38,0,13,0,0,0,4.7
26,320,16,0,0,40,0,280,23,0,16,0,0,0,7
49,414,12,1,0,32,1,885,47,0,18,0,0,0,25.28572
41,540,11,0,0,48,1,342,42,0,15,0,0,0,8.55
29,600,13,0,0,50,0,1500,29,0,12,0,0,1,37.5
25,500,12,0,0,55,0,230,24,0,12,0,0,1,5.75
45,900,17,0,0,46,1,550,45,0,14,0,0,0,15.71429
28,332,12,0,0,40,0,320,25,0,14,0,0,1,8
29,900,17,0,0,40,1,308,29,0,16,0,0,0,7.7
46,820,16,0,0,32,0,195,45,0,12,0,1,0,6.5
52,366,9,0,0,40,0,160,44,0,13,0,1,0,4.571429
44,600,12,0,0,40,1,224,39,0,13,0,0,0,7
58,600,12,0,0,32,1,700,39,0,13,0,0,0,23.33333
40,548,17,0,0,40,1,252,39,0,12,0,0,0,6.3
42,500,12,1,0,40,1,240,42,1,12,0,0,0,6
27,342,12,0,0,40,1,345,25,0,12,0,0,0,8.625
34,575,12,0,0,40,0,395,33,0,12,0,0,0,9.875
51,176,15,0,0,40,1,304,44,0,12,0,1,0,7.6
54,1200,16,0,0,40,0,165,51,0,12,0,0,0,5.5
47,880,12,0,0,44,0,150,47,0,12,0,0,0,6
43,1307,16,0,0,60,1,350,42,0,16,0,1,0,11.66667
24,264,10,0,0,40,0,200,20,0,12,0,0,0,5
32,196,14,1,0,40,0,212,31,1,14,0,0,0,5.3
55,396,12,1,0,40,1,700,43,1,17,0,0,0,17.5
49,300,12,1,0,40,0,135,52,1,12,0,0,0,4.21875
50,920,12,0,0,40,0,675,46,0,16,0,0,0,21.09375
54,900,14,0,0,45,0,900,54,0,18,0,0,0,22.5
59,800,12,0,0,40,0,132,56,0,8,0,0,0,5.5
48,550,12,0,0,45,0,770,45,0,12,0,0,0,22
52,600,9,1,1,40,0,450,45,1,12,1,1,0,12.85714
32,550,12,0,0,40,1,130,35,0,14,0,0,0,4.333333
33,560,11,0,0,40,1,210,27,0,8,0,0,0,5.25
42,1120,12,0,0,50,0,320,37,0,12,0,0,0,8
24,388,12,0,0,40,0,300,25,0,16,0,0,0,7.5
50,512,16,0,0,40,1,500,48,0,18,0,0,0,12.5
32,700,9,0,1,50,1,100,33,0,9,1,0,0,5
43,371,12,0,0,54,0,280,41,0,12,0,0,0,7
39,280,12,0,0,40,1,340,38,0,12,0,0,0,8.5
25,338,14,0,0,40,1,300,28,0,12,0,0,0,7.5
42,250,13,0,0,30,1,600,41,0,13,0,0,0,15
37,556,12,0,0,40,0,320,33,0,12,0,0,1,8
34,594,16,0,0,40,1,545,39,0,18,0,1,0,15.13889
39,600,17,0,0,40,0,414,36,0,12,0,0,1,10.35
37,500,12,0,0,50,0,452,29,0,12,0,1,1,11.3
38,653,17,0,0,40,1,423,37,0,16,0,0,0,13.21875
43,640,16,0,0,40,0,300,34,0,18,0,0,1,9.375
39,360,16,0,0,40,1,320,36,0,16,0,0,0,8
46,400,12,0,0,40,0,400,46,0,10,0,0,0,16
48,300,13,0,0,44,0,308,42,0,13,0,0,0,7.7
49,350,12,1,0,40,0,125,48,1,13,0,0,0,6.25
28,750,16,0,0,50,0,750,28,0,17,0,0,0,15
40,425,12,0,0,58,1,150,45,0,16,0,0,0,4.285714
32,400,12,0,0,60,0,142,31,0,16,0,0,0,6.761905
55,300,14,0,0,38,0,750,50,0,15,0,0,0,18.75
29,750,16,0,0,40,0,865,29,0,16,0,0,0,21.625
33,700,17,0,0,40,0,700,33,0,16,0,0,0,17.5
30,1008,14,0,0,40,0,900,29,0,14,0,0,0,22.5
36,360,16,0,0,42,0,212,30,0,13,0,0,0,5.3
53,388,12,0,0,40,0,360,50,0,12,0,0,0,11.25
61,408,9,0,0,40,0,606,58,0,12,0,0,0,15.15
32,600,12,0,0,60,0,400,32,0,12,0,0,0,10
44,730,12,0,0,45,0,180,43,0,14,0,0,0,7.5
30,900,16,0,0,50,0,960,26,0,16,0,0,0,24
45,1111,16,0,0,60,0,156,41,0,12,0,0,1,6.5
39,800,12,0,0,60,1,150,39,0,12,0,0,0,7.5
33,540,12,0,0,45,0,280,31,0,12,0,0,1,7
28,577,13,0,0,45,0,538,28,0,14,0,0,1,11.95556
52,481,12,0,0,40,0,308,51,0,12,1,0,0,7.7
43,550,14,0,0,40,0,600,53,0,16,0,1,0,13.33333
39,534,12,0,0,38,1,605,28,0,12,0,1,0,15.125
53,320,12,1,0,40,0,320,49,1,11,0,0,0,8
30,900,18,0,0,32,0,876,30,0,16,0,0,0,19.46667
47,460,12,0,0,32,0,500,49,0,12,0,0,0,14.28571
52,220,12,0,0,40,0,280,40,0,12,0,0,1,7
26,750,16,0,0,40,0,356,25,0,16,0,0,0,8.9
31,1000,18,0,0,65,0,173,30,0,16,0,0,1,8.65
26,480,5,0,1,48,0,330,24,0,9,1,0,1,7.333333
49,302,17,0,0,40,1,420,41,0,14,0,0,0,10.5
49,684,12,0,0,40,0,407,51,0,12,0,0,0,6.783333
33,827,14,0,0,50,0,455,32,0,15,0,0,1,15.16667
41,567,18,0,0,20,1,500,38,0,18,0,1,0,10
36,180,12,0,0,40,1,220,35,0,12,0,1,0,5.5
29,960,18,0,0,45,0,960,26,0,16,0,0,0,24
32,400,12,0,0,57,0,340,31,0,12,0,0,1,8.5
24,550,16,0,0,40,0,240,24,0,16,0,0,0,6
27,654,10,0,0,40,1,360,30,0,12,0,0,0,9
30,450,12,0,0,40,1,320,29,0,10,0,0,0,8
49,400,12,0,0,40,0,240,46,0,12,0,0,0,7.5
47,640,18,0,0,40,0,520,46,0,18,0,0,0,13
43,400,8,0,0,40,1,241,41,0,12,0,1,0,8.033334
50,1050,18,0,0,48,1,890,41,0,18,0,0,0,17.8
51,240,13,0,0,40,0,600,52,0,12,0,0,0,15
57,740,14,0,0,32,0,650,56,0,14,0,0,0,16.25
30,420,12,0,0,32,1,460,28,0,12,0,0,0,13.14286
44,690,12,0,0,44,1,80,39,0,12,0,0,0,2.5
37,700,13,0,0,50,0,400,40,0,12,0,0,0,8
36,500,12,0,0,40,1,750,38,0,16,0,0,0,20.83333
44,635,12,1,0,40,1,349,43,1,12,0,1,0,8.725
32,600,15,0,0,43,0,369,26,0,16,0,0,0,9.225
36,550,13,0,1,50,0,318,34,0,14,1,0,1,7.95
56,925,14,0,0,49,0,486,53,0,14,0,1,0,12.15
54,502,13,0,0,40,0,475,51,0,12,0,1,0,11.875
35,450,15,0,0,32,0,225,34,0,16,0,0,1,5.625
30,597,16,0,0,38,0,594,27,0,15,0,1,0,24.75
30,750,13,0,0,48,0,247,30,0,12,0,0,1,6.861111
36,625,14,0,0,32,0,604,37,0,12,0,0,0,15.1
32,900,16,0,0,60,0,700,35,0,16,0,0,1,17.5
53,1600,12,0,0,40,0,1200,46,0,14,0,1,0,30
39,650,12,0,0,50,1,506,40,0,12,0,0,0,11.24444
42,1538,18,0,0,40,1,1057,29,0,14,0,1,0,26.425
62,156,16,0,0,26,0,650,59,0,12,0,0,0,16.25
48,500,16,0,0,60,0,240,32,0,14,0,0,1,7.5
43,445,13,0,0,45,1,325,43,0,12,0,0,0,8.125
34,170,12,0,0,40,0,342,32,0,16,0,0,1,9.771428
48,1045,16,0,1,40,0,400,52,0,12,1,0,0,10
40,240,12,0,0,40,1,186,37,0,12,0,0,0,4.65
52,440,14,0,0,40,1,1200,45,0,17,0,0,0,30
37,1300,16,0,0,50,1,280,37,0,12,0,0,0,7
34,770,16,0,0,40,1,138,35,0,16,0,0,0,4.3125
52,750,18,0,0,40,0,248,38,0,12,0,0,0,7.085714
42,750,12,0,0,40,1,1000,37,0,18,0,0,0,25
40,540,12,0,0,40,1,1250,35,0,12,0,0,0,39.0625
37,700,16,0,0,40,1,335,34,0,12,0,0,0,8.375
52,662,12,0,0,40,0,420,36,0,12,0,0,0,10.5
28,358,9,0,1,40,0,364,42,0,12,1,0,1,9.1
36,550,16,0,0,60,0,500,43,0,12,0,0,0,12.5
40,900,12,0,0,50,1,400,31,0,16,0,0,0,10
52,1060,18,0,0,40,1,267,55,0,16,0,0,0,6.675
43,870,12,0,0,40,0,700,42,0,12,0,0,0,17.5
32,450,17,0,0,40,0,340,29,0,16,0,0,1,14.16667
34,450,14,0,0,40,0,500,35,0,15,0,0,1,16.66667
56,1050,18,0,0,50,0,1050,42,0,18,0,0,0,21
40,344,12,0,0,37,0,808,48,0,12,0,0,0,20.2
54,1000,16,0,0,40,1,227,53,0,16,0,0,0,10.80952
44,600,16,0,0,60,1,550,39,0,16,0,1,0,12.22222
44,872,16,0,0,45,1,201,43,0,16,0,0,0,6.28125
38,657,15,0,0,60,0,750,34,0,12,1,0,1,11.36364
40,340,7,0,1,40,1,200,38,0,10,1,0,0,5
32,800,9,0,0,40,0,280,32,0,12,0,0,0,7
30,550,12,0,0,40,0,300,28,0,12,0,0,1,7.5
37,360,13,0,0,40,0,720,27,0,14,0,0,0,18
33,625,14,0,0,60,0,550,28,0,14,1,0,0,13.75
37,600,12,0,0,50,0,310,23,0,13,0,0,0,7.75
37,500,12,0,0,42,1,240,36,0,12,0,0,0,6
53,1200,12,0,0,40,0,341,53,0,12,0,0,0,17.05
43,850,18,0,0,50,0,300,43,0,15,0,0,0,8.333333
50,1800,16,0,0,24,0,168,46,0,16,0,0,0,5.6
29,600,12,0,0,32,0,340,28,0,12,0,0,0,8.5
50,400,12,0,0,40,0,400,38,0,14,0,1,0,10
48,300,12,0,0,50,1,150,47,0,12,0,0,0,4.285714
37,503,15,0,0,45,0,50,31,0,16,0,0,1,2.083333
28,500,12,0,0,50,0,320,30,0,12,0,0,0,8
25,520,16,0,0,50,0,420,25,0,16,0,0,0,10.5
32,600,16,0,0,60,0,400,37,0,12,1,1,0,10.25641
30,400,16,1,0,40,0,500,32,1,16,0,0,1,12.5
48,1000,12,0,0,45,0,165,43,0,12,0,0,0,8.25
33,592,12,0,0,34,0,473,32,0,12,1,0,0,10.51111
32,596,18,0,0,48,0,600,29,0,18,0,1,1,13.33333
38,1200,13,0,0,40,1,170,37,0,12,0,0,0,4.25
37,602,11,1,0,50,1,426,35,1,14,0,0,0,10.65
47,865,12,0,0,50,1,595,44,0,15,0,0,0,17
37,1000,16,1,0,45,0,400,36,1,16,0,0,1,10
40,880,12,0,0,40,1,450,32,0,16,0,0,0,11.25
30,553,16,0,0,40,0,538,28,0,16,0,0,0,13.45
49,750,12,0,0,40,0,360,48,0,12,0,0,0,9
50,1600,12,0,0,32,0,400,50,0,12,0,1,0,10
40,1100,16,0,0,50,1,600,39,0,16,0,1,0,24
26,210,12,0,0,35,0,250,26,0,12,0,0,0,6.25
48,1500,16,0,0,40,0,550,38,0,15,0,0,0,13.75
48,600,16,1,0,40,1,640,49,1,18,0,1,0,16
56,385,12,1,0,45,0,260,51,1,12,0,0,0,6.5
34,541,12,0,0,56,1,468,32,0,12,0,1,0,9.75
46,608,12,1,0,40,0,286,44,1,12,0,0,0,7.15
33,750,13,0,0,50,1,250,34,0,13,0,0,0,6.25
42,1923,16,0,0,50,0,730,34,0,13,0,0,0,16.22222
60,568,12,0,0,40,0,214,53,0,12,1,0,0,7.133333
34,800,16,0,0,24,0,400,30,0,16,0,0,1,20
32,1000,16,0,0,40,0,1000,33,0,12,0,0,0,25
37,460,12,1,0,40,1,220,35,1,12,0,0,0,5.5
56,692,18,0,0,40,0,1154,52,0,18,0,0,0,20.98182
32,1350,18,0,0,45,0,400,33,0,18,0,0,0,10
60,260,12,0,0,40,0,400,51,0,16,0,1,0,11.42857
42,1000,16,0,0,40,1,340,38,0,16,0,0,0,8.5
28,360,14,0,0,43,0,200,29,0,12,0,0,1,5
33,350,16,0,0,40,1,330,33,0,13,0,0,0,8.25
42,500,18,0,0,58,1,450,38,0,18,0,0,0,10
37,500,14,0,0,50,0,400,35,0,16,0,0,1,10
48,1500,18,0,0,45,1,692,46,0,18,0,1,0,28.83333
43,600,16,0,0,46,1,500,41,0,17,0,0,0,12.5
50,1150,18,0,0,40,0,560,47,0,16,0,0,0,17.5
30,640,16,0,0,40,0,420,26,0,16,0,0,0,10.5
34,1200,13,0,0,40,1,250,35,0,12,0,0,0,7.142857
44,600,17,0,0,55,1,720,43,0,17,0,1,0,16
46,840,11,0,0,60,1,130,46,0,16,0,0,0,6.5
27,400,12,0,0,50,0,225,26,0,12,0,0,1,4.166667
46,1500,16,0,0,50,0,260,47,0,12,0,0,0,8.125
54,232,13,0,0,40,0,293,51,0,14,0,0,0,7.325
33,500,10,0,0,45,0,175,44,0,11,0,0,0,4.375
30,800,15,0,0,45,0,250,31,0,12,0,0,0,6.25
51,680,12,0,0,48,0,450,51,0,12,0,1,0,11.25
35,680,12,1,0,45,0,400,43,0,12,0,0,0,8.888889
53,560,12,0,0,48,0,134,40,0,12,0,0,0,6.7
34,750,14,0,0,56,1,270,34,0,12,0,0,0,6.75
31,440,12,0,0,40,0,200,25,0,12,0,0,0,6.25
48,710,16,0,0,48,0,525,37,0,15,0,0,0,13.125
36,600,11,1,0,41,0,190,40,1,11,0,0,0,5.428571
46,500,17,0,0,50,1,588,44,0,15,0,1,0,14.7
30,629,12,0,0,40,0,312,31,0,12,0,0,1,7.8
24,401,12,0,0,64,0,240,24,0,14,0,0,1,7.5
37,650,14,0,0,48,0,103,36,0,12,0,0,1,4.291667
45,1019,16,0,0,40,1,224,44,0,12,0,0,0,6.4
33,800,12,0,0,40,1,200,30,0,10,0,0,0,5
57,520,18,0,0,36,0,85,50,0,12,0,0,0,4.25
44,300,12,0,0,40,0,305,44,0,13,0,0,0,7.625
38,1458,18,0,0,60,1,400,37,0,14,0,0,0,10
26,700,16,0,0,50,0,500,30,0,16,0,0,0,12.5
31,250,14,0,0,50,0,231,28,0,13,0,0,0,5.775
29,400,12,0,0,40,1,170,36,0,12,0,0,0,5.3125
61,100,12,0,0,20,0,483,43,0,12,0,1,0,12.075
48,438,13,0,0,41,0,318,51,0,14,0,0,0,7.95
28,470,15,0,0,45,0,360,29,0,14,0,0,0,9
52,769,16,0,0,40,1,720,43,0,15,0,0,0,22.5
40,450,16,0,0,50,1,400,38,0,18,0,0,0,16.66667
48,1350,12,0,0,40,0,600,43,0,15,0,1,0,15
45,596,14,0,0,56,1,176,40,0,12,0,0,0,6.285714
34,538,14,0,0,40,0,110,31,0,16,0,0,0,4.583333
29,570,14,0,0,40,0,315,29,0,16,0,0,0,7.875
60,482,8,0,0,40,0,336,57,0,13,0,0,0,8.4
39,1600,16,0,0,30,0,850,38,0,14,0,0,0,21.25
26,596,9,0,0,40,1,250,26,0,16,0,0,0,6.25
32,385,15,0,1,35,0,320,35,0,16,0,0,1,8
41,450,18,0,0,60,1,300,39,0,13,0,0,0,12.5
39,475,14,0,1,40,0,575,28,0,13,0,0,0,14.375
50,1000,18,0,0,50,1,900,46,0,16,0,0,0,18
50,560,12,0,1,40,0,225,38,0,14,0,0,0,6.25
31,1000,12,0,0,55,0,1000,32,0,18,0,0,1,25
41,550,13,0,0,50,1,462,41,0,16,0,0,0,10.26667
44,330,13,0,0,50,1,200,45,0,13,0,0,0,5
30,368,7,0,0,40,0,300,32,0,12,0,0,1,7.5
41,757,16,0,0,40,1,810,43,0,18,0,1,0,18
53,1500,12,0,0,50,0,800,34,0,16,0,1,0,20
41,480,16,0,0,40,0,560,38,0,14,0,1,1,14
59,93,16,0,0,40,0,465,52,0,13,0,0,0,10.33333
51,600,12,0,0,40,1,460,46,0,16,0,0,0,11.5
46,835,12,0,0,49,0,400,39,0,16,0,0,0,16
46,1000,18,0,0,43,1,325,43,0,17,0,0,0,8.125
48,600,12,0,0,55,0,500,48,0,12,0,0,0,12.5
26,480,12,1,0,40,0,390,28,1,16,0,0,1,9.75
28,600,14,0,0,60,0,300,23,0,12,0,0,0,7.5
49,680,12,0,0,40,0,320,43,0,12,0,0,0,8
34,575,16,0,0,40,0,550,32,0,16,0,0,1,12.22222
30,600,16,0,0,32,0,600,29,0,16,0,1,1,15
30,520,12,0,0,40,0,255,31,0,12,0,0,1,7.083333
62,250,14,0,0,40,0,350,58,0,13,0,0,0,8.75
61,450,14,0,0,40,0,500,56,0,18,0,1,0,12.5
46,400,16,0,0,60,0,350,45,0,12,0,0,0,8.75
30,320,16,0,0,40,0,260,33,0,12,0,0,1,6.5
32,423,16,0,0,50,0,325,24,0,16,0,0,0,8.125
50,260,12,0,0,40,0,149,42,0,12,0,0,0,4.966667
46,700,18,0,0,40,1,700,44,0,16,0,0,0,17.5
34,214,13,0,0,40,1,614,44,0,14,0,0,0,12.79167
55,850,12,0,0,65,0,96,55,0,12,0,0,0,4.571429
45,650,12,0,0,50,1,100,45,0,12,0,1,0,5
53,376,13,0,0,40,0,156,53,0,12,0,0,0,7.8
28,500,12,0,0,40,0,289,28,0,12,0,0,1,7.225
32,445,11,0,0,55,0,352,27,0,12,0,0,1,8.8
44,362,12,0,0,42,0,290,41,0,12,0,0,0,7.25
34,570,14,0,0,55,0,158,28,0,12,0,0,0,6.32
42,480,12,0,0,45,0,460,40,0,14,0,0,0,10.22222
55,500,12,0,0,40,0,413,52,0,14,0,1,0,11.8
46,983,18,0,0,32,1,664,40,0,14,0,0,0,16.6
39,640,14,0,0,40,1,600,37,0,13,0,1,0,15
28,798,12,0,0,40,0,400,31,0,12,0,0,0,10
44,444,12,0,0,40,1,400,36,0,16,0,0,0,10
37,1000,14,0,0,40,1,310,38,0,16,0,0,0,8.857142
22,276,12,0,0,32,1,131,23,0,12,0,0,0,3.275
27,320,12,0,0,32,0,200,25,0,13,0,0,0,5
46,200,16,0,0,40,0,260,48,0,16,0,0,0,6.5
48,1327,16,0,0,47,1,654,45,0,16,0,0,0,14.53333
48,1327,16,0,0,47,1,654,45,0,16,0,0,0,14.53333
32,600,18,0,0,55,0,450,29,0,18,0,0,1,8.333333
45,400,16,0,0,40,0,300,45,0,16,0,0,0,7.5
47,800,12,0,0,41,0,330,44,0,13,0,0,0,9.428572
42,640,14,0,0,40,1,250,44,0,16,0,0,0,6.25
28,200,14,0,0,48,0,850,27,0,16,0,0,0,17
26,524,12,0,0,40,1,260,28,0,12,0,0,0,6.5
31,600,13,0,0,40,0,480,34,0,16,0,0,1,12
52,1000,16,0,0,40,0,750,49,0,16,0,0,0,18.75
50,580,14,0,0,40,1,235,42,0,12,0,0,0,7.833333
36,550,8,0,1,40,0,338,26,0,10,1,0,1,8.45
43,1300,18,0,0,44,0,600,38,0,13,0,0,1,13.33333
37,769,16,0,0,38,0,420,37,0,16,0,0,1,11.66667
27,340,12,0,0,68,0,520,30,0,16,0,0,1,10.83333
32,300,12,0,0,45,0,101,23,0,12,0,0,1,4.04
27,500,18,0,0,50,0,690,30,0,16,0,1,1,19.16667
33,700,12,0,0,40,0,195,32,0,12,0,0,0,5.416667
36,575,12,0,0,50,1,166,33,0,12,0,1,0,5.533333
38,500,16,0,0,50,0,450,21,0,12,0,0,0,11.25
58,1175,13,0,0,50,0,360,57,0,12,0,1,0,9
57,850,18,0,0,40,0,440,51,0,16,0,1,0,11
48,720,12,0,0,40,1,265,46,0,12,0,0,0,10.6
32,1000,14,0,0,60,1,100,31,0,14,0,0,0,5
32,617,12,0,0,55,0,370,33,0,13,0,0,1,10.57143
60,700,18,0,0,35,0,700,59,0,18,0,1,0,20
41,430,12,0,0,32,1,260,40,0,12,0,1,0,13
41,425,16,0,0,50,1,250,34,0,16,0,0,0,7.142857
53,420,13,0,0,40,0,527,50,0,12,0,1,0,13.175
27,220,17,0,0,45,0,220,25,0,16,0,0,0,5.5
39,550,15,0,0,40,0,711,38,0,15,0,0,0,17.775
52,900,18,1,0,36,1,500,42,1,18,0,1,0,14.28571
41,760,15,0,0,40,1,300,40,0,16,0,0,0,6.666667
42,865,17,0,0,40,1,108,42,0,16,0,0,0,4.5
31,500,12,0,0,50,0,443,27,0,14,0,0,0,11.075
46,538,9,0,0,40,1,204,45,0,12,0,0,0,5.828571
35,480,12,0,0,40,0,190,43,0,11,0,0,0,4.75
34,800,16,0,0,40,0,400,34,0,12,0,0,1,10
40,540,13,0,0,40,1,105,35,0,12,0,0,0,3.28125
36,680,12,0,0,40,1,280,33,0,13,0,0,0,7
45,1153,18,0,0,40,0,1093,44,0,18,0,1,0,21.86
51,500,16,0,0,32,0,226,42,0,12,0,1,0,7.533333
45,610,14,0,0,45,0,150,44,0,8,0,0,0,6.25
54,862,12,0,0,39,0,180,53,0,12,0,0,0,6.428571
31,640,12,0,0,48,0,400,30,0,13,0,1,1,8.333333
49,577,18,0,0,40,0,865,50,0,18,0,1,0,15.72727
38,500,13,0,0,40,1,438,32,0,16,0,0,0,10.95
44,400,12,0,0,40,1,288,44,0,12,0,0,0,7.2
53,655,12,0,0,40,0,560,49,0,13,0,0,0,14
54,975,15,0,0,38,0,289,54,0,14,0,0,0,8.257143
27,290,12,1,0,42,0,325,26,1,12,0,0,1,8.125
36,700,16,0,0,40,0,450,33,0,16,0,0,0,11.25
30,810,16,0,0,45,0,340,19,0,12,0,0,1,5.666667
47,1000,13,0,0,60,1,500,49,0,17,0,0,0,12.5
41,373,18,0,0,40,0,850,40,0,18,0,0,1,21.25
39,722,14,0,0,44,1,302,37,0,12,0,0,0,7.55
26,500,12,0,0,50,0,234,22,0,12,0,0,0,5.85
34,680,16,0,0,40,1,210,35,0,15,1,0,0,7.777778
27,300,12,0,0,60,0,275,26,0,12,0,0,1,6.875
42,800,8,1,0,40,1,400,36,1,12,0,1,0,10
37,650,12,1,0,40,1,110,31,1,10,0,0,0,5.5
38,1280,16,0,0,40,1,176,37,0,13,0,0,0,7.333333
37,813,12,0,0,50,1,438,34,0,13,0,0,0,10.95
26,500,16,0,0,48,0,577,35,0,16,0,1,1,18.03125
26,350,12,0,0,50,0,380,26,0,16,0,0,0,9.5
29,350,12,0,0,40,0,360,25,0,9,0,0,1,9
51,500,12,0,0,40,0,240,43,0,12,0,0,0,6
54,520,14,0,0,40,0,500,51,0,12,0,0,0,12.5
23,428,13,0,1,60,0,240,21,0,13,1,0,1,6
60,480,12,0,0,40,0,260,55,0,12,0,0,0,6.5
47,1700,16,0,0,40,1,167,48,0,14,0,1,0,6.68
46,827,12,0,0,50,1,400,42,0,12,0,0,0,13.33333
26,180,12,0,1,32,0,277,22,0,12,1,0,1,6.925
40,750,18,0,0,50,1,400,40,0,18,0,1,0,10
31,730,14,0,0,40,0,450,37,0,16,0,1,1,11.25
57,600,14,0,0,40,0,700,58,0,12,0,0,0,28
40,500,16,0,0,40,0,280,38,0,13,0,0,1,7
39,1923,18,0,0,50,0,1712,33,0,18,0,0,1,42.8
36,900,15,0,0,45,0,252,27,0,12,0,0,1,8.4
44,1200,18,0,0,50,0,349,44,0,16,0,0,0,7.755556
25,400,15,1,0,40,0,240,26,1,12,0,0,0,6
35,812,16,0,0,44,0,400,33,0,16,0,0,1,10
48,560,12,0,0,40,0,497,45,0,14,0,0,0,12.425
28,1000,16,0,0,20,0,500,29,0,14,0,0,1,12.5
37,400,12,0,0,40,1,440,42,0,12,0,0,0,11
35,425,16,0,0,48,0,222,36,0,12,0,0,1,6.342857
40,600,18,0,0,56,1,400,38,0,12,0,0,0,10
52,400,12,0,0,32,0,210,46,0,14,0,0,0,6
59,440,12,0,0,40,1,300,48,0,12,0,0,0,7.5
45,769,17,0,0,45,1,808,44,0,17,0,0,0,20.2
39,175,18,0,0,56,1,350,37,0,16,0,0,0,8.75
49,550,15,0,0,40,0,460,47,0,12,0,0,0,11.5
43,1093,16,1,0,50,1,904,40,1,16,0,1,0,22.6
43,1150,18,1,0,40,1,950,36,1,17,0,1,0,23.75
57,1900,17,0,0,60,0,900,49,0,16,0,0,0,18
35,1154,17,0,0,60,1,300,34,0,16,0,0,0,6.666667
52,923,18,0,0,40,1,500,46,0,16,0,1,0,12.5
50,600,16,0,0,40,0,600,45,0,12,0,0,0,15
41,600,12,0,0,40,0,193,41,0,11,0,0,0,5.361111
36,414,12,0,0,64,1,85,35,0,11,0,0,0,3.541667
28,500,16,0,0,48,0,530,27,0,16,0,0,0,13.25
54,538,10,0,0,40,0,280,50,0,12,0,0,0,7
54,568,12,0,0,40,0,434,48,0,12,0,0,0,10.85
27,567,10,0,0,50,0,274,30,0,10,0,0,1,6.85
45,700,12,0,0,40,0,500,45,0,12,0,0,0,12.5
27,460,12,0,0,40,0,397,22,0,12,0,0,0,9.925
56,395,15,0,1,40,1,375,53,0,15,1,1,0,9.375
42,1200,17,0,0,40,1,700,42,0,17,0,0,0,17.5
51,698,18,0,0,50,1,698,50,0,18,0,0,0,13.96
66,700,18,0,0,40,0,600,53,0,18,0,1,0,15
44,400,13,0,0,40,1,300,43,0,14,0,0,0,7.5
34,680,12,1,0,56,1,294,32,1,14,0,0,0,8.4
42,1500,18,0,0,65,0,529,40,0,16,0,0,0,13.225
39,1200,16,0,0,40,0,500,36,0,18,0,0,1,20.83333
45,570,10,1,0,38,1,890,42,1,12,0,0,0,22.25
29,440,15,0,0,40,1,700,31,0,16,0,0,0,17.5
24,680,14,0,0,40,0,640,28,0,14,0,0,0,16
38,460,16,0,0,60,0,423,38,0,16,0,0,1,10.575
43,550,16,0,0,24,1,260,37,0,14,0,0,0,6.5
44,1000,14,0,0,65,1,577,40,0,18,0,0,0,16.48571
36,350,13,0,0,44,0,320,33,0,12,0,0,1,8
29,320,12,0,0,40,0,256,29,0,12,0,1,1,6.4
48,400,12,0,0,40,1,400,45,0,16,0,1,0,10
62,360,15,0,0,40,0,625,58,0,14,0,0,0,15.625
47,960,16,0,0,50,1,163,46,0,12,0,0,0,4.657143
43,475,16,0,0,55,1,560,40,0,11,0,0,0,14
47,800,18,0,0,45,1,100,46,0,16,0,0,0,3.333333
26,273,12,0,0,40,0,260,27,0,12,0,0,1,6.5
36,1200,14,0,1,40,0,100,40,0,16,1,0,1,4.761905
43,800,18,0,0,40,1,575,39,0,16,0,1,0,14.375
58,600,13,0,0,40,0,625,57,0,16,1,0,0,15.625
37,450,15,0,0,45,1,190,49,0,10,0,0,0,4.75
47,500,12,0,0,58,1,175,45,0,12,0,0,0,5
59,800,11,0,0,40,0,180,56,0,12,0,0,0,5.625
48,520,12,0,0,40,0,415,42,0,12,0,0,0,10.375
48,432,12,0,0,48,1,256,36,0,11,0,0,0,5.688889
26,420,12,0,0,40,0,280,19,0,12,0,0,0,7
47,800,12,0,0,44,1,452,41,0,12,0,1,0,11.3
55,833,15,0,0,40,0,275,54,0,12,0,0,0,8.59375
47,1200,14,0,0,40,1,680,46,0,11,1,1,0,17
30,800,16,0,0,40,0,450,32,0,13,0,0,0,11.25
48,667,12,0,0,40,0,375,47,0,12,0,0,0,9.375
34,587,16,0,0,46,1,403,38,0,18,0,0,0,10.075
30,600,18,0,0,45,0,100,30,0,16,0,0,1,5
46,220,12,0,0,60,0,320,48,0,12,0,1,0,8
40,750,12,0,0,45,0,180,32,0,12,0,0,1,7.5
40,800,18,0,0,32,0,600,38,0,16,0,0,1,13.33333
32,403,16,0,0,35,0,342,28,0,16,0,0,1,8.55
41,280,12,0,0,45,0,300,32,0,12,0,1,1,7.5
43,400,12,0,0,40,1,342,43,0,12,0,1,0,7.125
44,900,15,0,0,40,1,400,35,0,12,0,0,0,10
55,288,12,0,0,36,0,240,52,0,12,0,0,0,9.6
30,400,12,0,0,40,0,300,30,0,14,0,0,1,9.375
38,575,16,0,0,40,1,575,39,0,16,0,1,0,14.375
30,600,16,0,0,50,0,575,29,0,16,0,0,1,14.375
41,450,16,0,0,40,0,392,40,0,16,0,1,0,9.8
35,400,12,0,0,40,0,378,34,0,12,0,0,1,7.875
24,366,16,0,0,43,0,326,24,0,16,0,0,0,8.15
44,540,12,0,0,40,1,360,41,0,14,0,1,0,9
41,520,12,0,0,40,1,346,36,0,12,0,0,0,8.65
53,800,12,0,0,65,0,300,53,0,12,0,0,0,7.5
53,520,12,0,0,40,0,360,51,0,11,0,1,0,9
43,711,18,0,0,55,0,415,43,0,12,0,0,0,9.222222
39,600,12,0,0,45,1,500,39,0,13,0,0,0,12.5
34,315,16,0,0,60,0,420,28,0,13,0,0,0,10.5
27,414,12,0,0,40,0,287,27,0,12,0,0,1,7.175
39,837,17,0,0,38,1,216,36,0,14,0,0,0,9
44,500,13,0,0,40,1,300,41,0,12,0,0,0,7.5
39,725,12,0,0,55,1,293,42,0,15,0,0,0,7.325
59,550,11,0,0,40,0,192,58,0,12,0,0,0,8
42,425,18,0,0,40,1,120,35,0,12,0,0,0,4.285714
48,480,14,1,0,40,1,200,45,1,12,0,0,0,5
31,440,14,1,0,40,0,330,24,1,13,0,1,1,11
48,640,10,0,0,40,0,170,50,0,13,0,0,0,3.777778
38,375,12,0,0,53,1,218,32,0,11,0,0,0,8.72
44,650,14,0,0,48,0,340,30,0,16,0,1,0,8.5
42,200,12,0,0,55,1,238,39,0,12,0,1,0,6.8
23,750,16,0,0,40,0,400,25,0,14,0,0,0,10
33,425,12,0,0,40,1,450,32,0,12,0,0,0,11.25
45,122,13,0,0,27,0,585,41,0,14,0,0,0,9.75
40,840,16,0,0,40,0,218,28,0,8,0,0,1,5.45
38,480,12,0,0,48,1,294,35,0,12,0,0,0,7.35
29,475,16,0,0,38,0,750,26,0,16,0,1,1,15
41,360,12,0,0,40,1,289,38,0,12,0,0,0,7.225
37,559,16,0,0,40,1,900,39,0,16,0,1,0,22.5
33,372,16,0,0,32,0,150,30,0,13,0,0,1,6
47,1000,14,0,0,40,1,1120,44,0,14,0,1,0,28
30,900,16,0,0,40,0,800,31,0,16,0,0,0,20
30,700,16,1,0,40,0,800,31,1,18,0,0,0,20
31,525,16,0,0,50,1,290,42,0,13,0,0,0,7.25
34,1000,16,0,0,40,0,250,26,0,13,0,0,1,10
39,240,15,1,0,32,1,520,30,1,12,0,0,0,13
36,800,12,0,0,40,0,270,31,0,12,0,0,1,6.75
28,220,12,0,0,40,0,200,28,0,12,0,0,0,5
40,714,12,0,0,50,1,85,41,0,12,0,0,0,4.047619
35,1096,18,0,0,50,1,384,34,0,17,0,0,0,10.97143
26,480,12,0,0,40,0,288,25,0,13,0,0,1,7.2
45,200,13,0,0,60,1,125,39,0,12,0,0,0,3.125
56,1067,14,0,0,40,0,1100,52,0,18,0,0,0,27.5
33,400,14,0,0,44,0,350,27,0,17,0,1,0,7.777778
45,750,17,0,0,40,1,750,46,0,17,0,1,0,18.75
30,500,12,0,0,40,0,158,28,0,12,0,0,1,5.266667
47,590,18,0,0,40,1,600,44,0,18,0,1,0,15
36,600,14,0,0,40,1,176,32,0,14,0,0,0,5.866667
33,720,13,0,0,40,1,800,42,0,16,0,0,0,20
48,624,12,0,0,58,1,403,47,0,12,0,0,0,10.075
29,682,16,0,0,40,0,350,30,0,16,0,0,0,8.75
38,1923,16,0,0,50,1,560,37,0,14,0,0,0,11.2
58,846,14,0,0,40,0,160,57,0,12,0,0,0,7.619048
48,715,12,0,0,40,1,515,39,0,18,0,1,0,10.3
35,700,17,0,0,40,0,700,34,0,17,0,1,1,17.5
38,950,16,0,0,50,0,240,32,0,16,1,0,1,5
25,400,12,0,0,40,1,206,26,0,12,0,0,0,5.15
56,800,9,0,0,40,0,500,53,0,12,0,0,0,12.5
48,285,13,0,0,54,0,300,41,0,13,0,0,0,7.5
52,850,12,0,0,40,0,360,49,0,12,0,0,0,9
42,981,18,0,0,48,1,1056,46,0,18,0,0,0,23.46667
32,700,16,0,0,40,0,600,30,0,16,0,1,1,17.14286
27,250,12,0,0,48,0,234,28,0,12,0,0,0,5.85
37,255,12,0,0,30,1,166,36,0,12,0,0,0,4.742857
64,500,5,1,0,40,1,300,54,1,10,0,0,0,7.5
46,865,14,0,0,56,0,250,43,0,12,0,0,0,6.25
51,320,8,1,0,40,0,320,40,1,12,0,0,0,8
43,450,10,0,0,60,1,200,36,0,6,0,0,0,5.555555
35,326,14,0,0,50,1,225,37,0,15,0,0,0,5.625
45,615,16,1,0,40,1,731,43,1,16,0,1,0,18.275
57,816,13,0,0,38,0,192,56,0,12,0,0,0,8
52,612,9,0,0,40,0,660,52,0,12,0,1,0,16.5
45,500,14,0,0,50,0,360,39,0,13,0,0,0,7.2
23,336,12,0,0,40,0,232,23,0,12,0,0,1,5.8
27,400,12,0,0,40,0,325,24,0,12,0,0,0,8.125
53,480,12,0,0,40,1,550,52,0,12,0,0,0,13.75
61,650,13,0,1,40,1,195,51,0,18,1,0,0,6.5
36,750,15,0,0,50,1,225,37,0,14,0,0,0,6.428571
36,800,17,0,0,50,0,220,36,0,14,0,0,1,11
31,890,16,0,0,50,0,615,31,0,16,0,0,0,15.375
37,900,16,0,0,45,0,500,37,0,18,0,1,0,11.11111
26,480,12,0,0,40,0,560,24,0,12,0,0,0,14
51,440,12,0,0,40,0,192,48,0,12,0,0,0,8
33,378,13,0,0,42,0,384,29,0,13,0,0,1,8
40,700,14,0,0,40,0,479,36,0,14,0,1,1,11.975
34,385,12,0,0,44,0,235,24,0,12,0,0,0,5.595238
27,340,13,0,0,50,0,408,26,0,14,0,0,1,10.2
48,950,17,0,0,45,1,730,46,0,16,0,1,0,16.22222
26,750,14,0,0,40,1,394,25,0,11,0,0,0,9.85
57,750,16,0,0,50,0,905,54,0,18,0,0,0,18.1
50,740,18,0,0,40,1,880,46,0,16,0,1,0,22
54,673,17,0,0,60,0,550,53,0,16,0,1,0,11
26,500,13,0,1,48,0,425,22,0,14,0,0,0,10.625
45,1300,16,0,0,40,1,225,42,0,14,0,1,0,6.428571
40,480,13,0,0,34,0,865,44,0,18,0,1,0,21.625
26,325,16,0,0,41,0,442,28,0,16,0,0,0,8.84
29,700,12,0,0,45,0,700,23,0,12,0,1,1,17.5
34,900,12,0,0,45,1,240,32,0,12,0,0,0,6
42,1300,16,0,0,40,1,275,38,0,12,0,0,0,11
29,585,12,0,0,60,0,320,26,0,14,0,0,1,8
39,720,12,0,0,53,0,304,38,0,12,0,0,1,7.6
32,467,12,1,0,40,1,169,31,1,11,0,1,0,6.76
37,369,16,0,0,40,0,346,35,0,16,0,0,1,8.65
44,660,10,1,0,40,0,300,40,1,14,0,1,0,7.5
53,923,11,0,0,50,0,150,50,0,12,0,0,0,7.5
45,695,16,0,0,50,1,596,43,0,16,0,0,0,14.9
22,230,13,0,0,42,0,184,22,0,15,0,0,0,4.6
39,560,12,0,0,32,1,216,33,0,12,0,1,0,6.171429
38,711,16,0,0,45,1,280,39,0,16,0,1,0,7
45,640,12,0,0,42,1,256,37,0,12,0,0,0,6.4
45,400,12,0,0,40,1,300,40,0,12,0,0,0,7.5
38,700,18,0,0,43,1,500,33,0,18,1,0,0,14.28571
37,420,12,0,0,40,0,720,35,0,12,0,0,1,18
40,675,12,0,0,50,0,376,42,0,14,0,0,1,9.4
28,440,13,1,0,46,0,376,27,1,11,0,0,1,9.4
25,300,16,0,0,36,0,230,25,0,16,0,0,0,5.75
36,350,12,0,0,40,1,350,34,0,16,0,1,0,8.75
30,460,12,0,0,59,1,175,29,0,12,0,0,0,5
30,550,12,0,0,40,0,329,30,0,12,0,0,1,8.225
32,300,12,0,1,40,1,330,32,0,9,1,0,0,10.3125
57,1000,14,0,0,20,0,781,55,0,16,0,1,0,19.525
36,1000,14,0,0,50,0,150,23,0,12,0,0,0,7.142857
55,189,10,0,0,50,0,206,50,0,11,0,0,0,4.904762
56,450,11,0,0,40,0,690,51,0,15,0,0,0,17.25
35,528,13,0,0,48,1,405,31,0,12,0,1,0,10.125
32,275,12,0,1,40,0,240,26,0,14,1,0,0,6
52,342,12,0,0,40,0,342,52,0,12,0,0,0,7.6
57,350,9,0,0,40,0,210,57,0,12,0,0,0,5.25
28,280,12,0,0,40,0,320,27,0,14,0,0,1,8
32,330,18,0,0,37,0,548,34,0,18,0,1,1,10.96
36,425,13,0,0,60,1,325,34,0,17,0,1,0,8.125
43,395,7,0,0,40,1,200,41,0,12,0,0,0,4.166667
44,675,18,0,0,50,1,800,48,0,18,0,1,0,20
33,400,12,0,0,54,1,300,31,0,12,0,0,0,7.5
36,412,12,0,0,56,1,330,32,0,12,0,0,0,8.25
31,600,18,0,0,50,0,600,29,0,18,1,0,0,15
34,350,12,0,0,40,0,270,31,0,13,0,0,1,6.75
52,600,12,0,0,40,0,150,47,0,12,0,0,0,7.5
26,550,13,0,0,40,0,180,27,0,13,0,0,1,4.5
35,1000,16,0,0,65,0,1000,33,0,17,0,0,0,25
40,700,12,0,0,40,0,500,39,0,12,0,0,0,11.11111
52,800,12,0,0,35,0,220,52,0,12,0,0,0,5.5
42,789,16,0,0,45,1,414,40,0,14,0,0,0,10.35
24,800,16,0,0,45,0,475,22,0,16,0,0,0,11.875
52,900,18,0,0,40,0,700,52,0,14,0,0,0,17.5
45,600,13,0,0,34,0,168,44,0,12,0,1,0,7
26,250,12,0,0,66,0,354,27,0,14,0,1,1,8.85
44,360,10,0,1,40,0,325,49,0,14,1,0,0,8.125
28,750,16,0,0,40,0,420,24,0,13,0,0,0,10.5
47,950,16,0,0,40,1,150,47,0,17,0,0,0,6.25
47,700,18,0,0,45,0,400,46,0,16,0,0,0,11.42857
35,800,17,0,0,40,1,198,32,0,14,0,0,0,4.95
33,370,16,0,0,60,0,400,33,0,15,0,0,1,8.888889
63,700,12,0,0,24,0,1000,55,0,17,0,1,0,15.15152
49,500,12,0,0,40,1,400,42,0,12,0,0,0,8.333333
47,1230,18,0,0,20,1,460,46,0,16,0,0,0,9.2
22,420,12,0,0,32,0,400,23,0,13,0,0,0,7.407407
29,600,16,0,0,65,0,550,30,0,18,0,1,1,13.75
33,561,13,0,0,21,0,597,33,0,12,0,0,0,14.925
46,1300,12,0,0,52,0,464,46,0,12,0,1,0,14.5
26,275,12,0,0,50,0,226,24,0,16,0,0,1,5.65
48,800,12,0,0,50,0,450,49,0,12,0,0,0,11.25
46,1100,14,0,0,40,1,550,42,0,12,0,0,0,13.75
39,500,18,0,0,40,1,350,36,0,15,0,0,0,8.75
31,800,17,0,0,40,0,360,28,0,17,0,0,1,11.25
43,525,18,0,0,55,1,525,44,0,16,0,1,0,13.125
38,1923,16,0,0,32,0,400,41,0,14,0,0,0,10
43,550,9,0,0,45,1,250,36,0,9,0,1,0,6.25
32,200,14,0,0,35,0,360,30,0,12,0,0,1,9
36,1325,12,0,0,50,0,780,26,0,18,0,0,0,19.5
53,436,16,0,0,40,1,500,45,0,16,0,0,0,12.5
43,480,14,0,0,40,1,260,42,0,13,0,0,0,6.5
38,350,12,0,0,40,1,800,38,0,15,0,0,0,20
34,500,15,0,1,40,0,460,34,0,16,0,0,1,21.90476
41,480,12,0,1,40,0,640,35,0,12,1,0,1,16
22,550,15,0,0,50,0,378,24,0,14,0,0,0,9.45
41,452,14,0,0,40,0,500,33,0,12,0,0,1,12.5
47,1346,18,0,0,60,1,872,37,0,18,0,1,0,14.53333
50,440,12,0,0,40,0,700,49,0,18,0,1,0,17.5
28,550,15,0,0,60,0,247,29,0,12,0,0,1,10.29167
29,360,12,0,0,60,0,300,27,0,10,0,0,1,7.5
42,500,12,0,0,40,1,370,42,0,12,0,0,0,10.57143
33,600,12,0,0,40,0,600,29,0,12,0,0,0,15
31,355,12,0,0,40,0,330,30,0,13,0,0,1,8.25
32,760,16,0,0,35,0,500,30,0,14,0,0,1,14.28571
47,600,12,0,0,50,1,85,41,0,14,0,0,0,4.25
61,445,12,0,0,40,0,341,54,0,14,0,0,0,8.525
34,472,12,0,0,40,1,450,40,0,12,0,1,0,11.25
29,512,14,0,0,32,0,346,27,0,14,0,0,1,8.65
25,175,14,0,0,35,1,272,26,0,13,0,0,0,6.8
29,370,16,0,0,45,0,300,25,0,16,0,0,1,6
35,368,14,1,0,40,1,450,32,1,12,0,0,0,11.25
56,680,12,0,0,40,0,210,55,0,12,0,0,0,7
51,400,12,0,0,28,1,266,49,0,13,0,0,0,6.65
25,400,16,0,0,60,0,500,26,0,16,0,0,0,10
32,750,16,0,0,40,0,320,33,0,16,0,0,1,8
37,250,12,0,0,45,1,174,37,0,12,0,0,0,4.35
44,500,18,0,0,48,0,250,37,0,18,0,0,1,10
40,800,18,0,0,60,1,200,42,0,15,0,0,0,6.666667
40,350,18,0,0,48,1,750,38,0,18,0,0,0,15
33,1014,10,0,0,40,1,168,31,0,12,0,0,0,7
36,310,12,0,0,32,0,368,35,0,16,0,0,0,9.2
29,436,14,0,0,40,0,375,31,0,16,0,1,0,9.375
30,400,12,0,0,40,1,230,27,0,12,0,0,0,5.75
40,600,16,1,0,40,1,438,32,1,16,0,1,0,10.95
41,840,16,0,0,40,0,557,35,0,16,0,0,1,13.925
32,673,16,1,0,40,0,552,30,1,16,0,0,1,13.8
57,988,12,0,0,40,0,558,53,0,12,0,0,0,13.95
47,560,16,0,0,40,1,585,43,0,16,0,0,0,14.625
32,450,14,0,0,45,0,300,31,0,12,0,0,1,10
54,1000,12,0,0,40,0,370,52,0,12,0,0,0,9.25
30,600,16,0,0,56,0,400,30,0,12,0,0,1,10
39,700,16,0,0,40,1,260,39,0,14,0,0,0,6.5
42,574,16,0,0,56,1,225,38,0,12,0,0,0,5.625
56,1100,16,0,0,40,0,550,54,0,16,0,1,0,13.75
33,325,16,0,0,35,0,500,27,0,12,0,0,0,12.5
44,444,12,0,0,24,1,520,41,0,12,0,0,0,13
41,250,12,0,1,35,1,230,36,0,12,1,1,0,5.75
27,325,12,1,0,40,0,280,25,1,12,0,0,0,7
32,1500,15,0,0,65,0,250,32,0,16,0,0,1,8.333333
23,248,14,0,0,45,0,296,24,0,15,0,0,0,7.4
38,944,17,0,0,40,1,652,39,0,17,0,1,0,16.3
60,400,18,0,0,40,0,288,57,0,16,0,0,0,10.66667
62,1154,18,0,0,32,0,865,58,0,18,0,1,0,21.625
39,450,16,1,0,45,1,456,31,1,12,0,1,0,11.4
36,659,12,0,0,40,1,102,34,0,10,0,0,0,4.25
43,260,7,1,0,40,1,170,36,1,14,0,0,0,4.25
43,1450,18,0,0,43,1,450,43,0,18,0,0,0,11.25
36,530,16,0,0,40,0,800,35,0,16,0,1,1,20
28,500,12,0,0,50,0,80,25,0,12,0,0,1,3.2
58,547,12,0,1,40,1,317,51,0,12,1,0,0,7.925
41,506,12,0,0,50,1,226,41,0,12,0,0,0,5.65
28,630,14,0,0,40,0,352,27,0,12,0,0,1,8.8
29,344,11,0,0,40,1,180,27,0,11,0,0,0,4.5
32,500,12,0,0,65,1,277,31,0,12,0,1,0,6.925
53,590,17,0,0,40,0,460,51,0,17,0,0,0,11.5
41,560,14,0,0,40,0,300,34,0,12,0,0,0,7.5
39,800,17,0,0,45,0,1000,40,0,18,0,0,1,22.22222
33,1250,18,0,0,50,0,865,28,0,16,0,0,1,21.625
40,680,14,0,0,32,0,480,40,0,13,0,1,0,12
43,1000,14,0,0,43,1,267,43,0,14,0,0,0,7.628572
34,471,17,0,0,40,0,125,31,0,17,0,0,1,6.25
50,400,14,0,0,40,0,600,47,0,14,0,1,0,15
61,1750,10,0,0,60,0,163,40,0,15,0,0,1,8.15
51,280,8,1,0,40,0,250,45,1,12,0,0,0,6.25
37,420,12,0,0,24,0,180,40,0,13,0,0,1,4.5
56,500,16,0,0,30,0,174,23,1,12,0,0,0,4.35
56,1000,12,0,0,40,1,750,50,0,13,0,0,0,18.75
42,330,10,0,0,40,1,150,40,0,12,0,0,0,5
40,512,12,0,0,52,1,360,37,0,12,0,0,0,9
50,600,12,0,0,40,1,250,46,0,13,0,0,0,6.25
43,846,16,0,0,40,0,500,48,0,13,0,0,1,12.5
49,1000,18,0,0,40,0,300,43,0,12,0,0,0,7.5
32,556,14,0,0,40,0,1300,33,0,18,0,0,1,26
54,880,12,0,0,25,0,496,53,0,12,0,0,0,14.17143
49,500,12,0,0,32,0,490,47,0,12,0,0,0,12.25
36,1000,17,0,0,40,1,720,35,0,14,0,0,0,30
52,415,12,0,0,32,0,350,50,0,14,0,0,0,8.75
29,166,12,0,0,20,0,320,29,0,12,0,0,1,8
35,598,12,0,0,40,1,364,34,0,13,0,0,0,9.1
23,425,14,0,0,60,0,425,23,0,14,0,0,0,10.625
43,650,12,0,0,50,0,500,31,0,16,0,1,1,12.5
56,600,8,0,0,32,0,285,48,0,12,0,0,0,7.916667
58,542,18,0,0,50,1,288,44,0,13,0,0,0,11.52
59,388,15,1,0,50,1,320,50,1,12,0,0,0,8
38,225,10,0,0,24,1,200,37,0,9,0,0,0,5
45,604,12,0,0,30,1,259,40,0,12,0,0,0,6.475
27,638,12,1,0,45,0,352,25,0,12,0,0,1,8.8
30,587,12,0,0,60,0,338,24,0,14,0,0,1,8.45
40,1500,18,0,0,50,1,600,42,0,16,0,0,0,15
36,415,16,1,0,50,0,600,44,0,18,0,1,0,15
61,310,7,1,0,36,0,615,40,0,18,0,1,0,17.57143
26,440,12,0,0,40,0,330,32,0,12,0,0,0,8.25
57,420,12,0,0,40,0,300,56,0,12,0,0,0,8.571428
38,583,10,0,0,50,1,385,38,0,12,0,0,0,9.625
33,865,14,0,0,40,0,865,33,0,16,0,0,1,21.625
39,700,12,0,0,40,1,181,36,0,12,0,0,0,5.65625
44,330,12,0,0,40,1,450,38,0,14,0,0,0,12.85714
25,100,13,1,0,24,0,270,22,0,14,0,0,1,6.75
55,527,12,0,1,40,1,527,41,0,12,0,0,0,13.175
39,930,13,0,0,40,0,188,32,0,12,0,0,1,7.833333
60,485,8,1,0,40,0,431,48,1,12,0,0,0,10.775
37,480,12,0,0,40,0,308,34,0,14,0,0,1,11
40,420,18,0,0,40,0,560,36,0,14,0,0,0,14
27,800,16,0,0,40,0,735,28,0,16,0,0,0,18.375
30,280,17,0,0,40,0,144,30,0,14,0,0,1,6
34,1500,18,0,0,55,0,800,32,0,16,0,0,0,20
42,300,14,0,1,32,1,380,40,0,13,1,0,0,9.5
38,400,15,1,0,40,0,325,41,1,12,0,0,1,8.125
35,750,14,0,0,40,0,575,34,0,13,0,0,0,14.375
20,429,13,0,0,66,0,300,20,0,13,0,0,0,7.5
43,950,16,0,0,40,1,485,33,0,10,0,0,0,12.125
46,480,9,0,0,40,0,321,29,0,12,0,0,0,8.025
33,610,12,1,0,58,0,165,39,1,13,0,0,1,6.6
55,1923,16,0,0,50,0,1500,40,0,18,0,0,1,37.5
29,870,16,0,0,40,0,650,28,0,16,0,0,1,16.25
39,880,14,0,0,32,1,379,39,0,14,0,1,0,15.79167
27,575,12,0,0,54,0,404,28,0,12,0,0,0,8.977777
55,720,14,0,0,40,0,385,59,0,14,0,0,0,7.12963
26,1923,16,0,0,50,0,1800,27,0,17,1,0,0,40
52,1250,13,0,0,40,0,577,50,0,13,0,0,0,12.82222
38,600,14,0,0,40,0,280,28,1,14,0,1,1,7
47,546,13,0,1,35,0,120,42,0,16,1,1,0,4.444445
33,500,14,0,0,40,0,180,32,0,12,0,0,0,9
53,450,8,0,0,40,0,240,50,0,12,0,0,0,6
60,1540,16,0,0,40,0,538,51,0,14,0,0,0,13.45
38,770,16,0,0,32,0,800,30,0,16,0,0,1,20
34,548,18,0,0,48,0,577,42,0,18,0,0,1,12.82222
23,210,15,0,0,40,0,260,23,0,15,0,0,0,6.5
47,1000,16,0,0,60,1,535,46,0,16,0,1,0,19.10714
41,900,14,0,0,50,1,425,39,0,12,0,0,0,12.14286
37,450,8,0,0,50,1,306,34,0,10,0,0,0,7.65
47,673,18,0,0,50,1,240,44,0,16,0,0,0,10
40,680,12,0,0,40,1,608,31,0,12,0,0,0,13.51111
35,1923,18,0,0,40,0,800,32,0,18,0,0,1,22.85714
47,500,13,0,0,45,1,280,40,0,12,0,0,0,7
50,1450,18,0,0,60,0,577,48,0,16,0,0,0,14.425
36,1200,12,0,0,40,1,180,37,0,14,0,0,0,8.571428
29,900,16,0,0,55,0,500,27,0,16,0,1,0,25
49,480,18,0,0,50,0,625,49,0,16,0,0,0,12.5
37,300,14,0,0,40,0,425,36,0,16,0,0,1,10.625
44,286,12,0,0,40,1,524,41,0,13,0,1,0,13.1
49,308,9,0,0,60,1,195,48,0,13,0,0,0,8.125
29,700,12,0,1,50,1,225,26,0,12,1,0,0,9
23,280,12,0,0,40,0,306,24,0,12,0,0,1,7.65
27,535,12,0,0,50,0,330,24,0,12,0,0,1,6.6
37,350,16,0,0,55,1,203,38,0,12,0,0,0,7.25
24,416,11,0,0,48,0,161,26,0,12,0,0,0,4.6
31,450,12,1,0,46,1,360,27,1,12,0,0,0,8
25,320,16,0,0,42,0,340,24,0,16,0,0,0,8.5
33,350,12,0,0,45,0,130,30,0,12,0,0,1,4.333333
36,700,13,0,0,40,0,300,37,0,12,0,0,1,7.5
47,640,12,0,0,41,1,121,47,0,12,0,0,0,4.033333
40,850,12,0,0,55,1,180,34,0,12,0,0,0,8.571428
38,300,12,0,0,46,1,220,35,0,10,0,0,0,5.5
36,432,12,0,0,42,0,750,37,0,12,0,0,0,18.75
57,740,16,0,0,40,0,200,48,0,12,0,0,0,5
37,878,16,0,0,45,0,200,33,0,14,0,0,1,10
60,600,9,0,0,24,0,182,51,0,10,0,0,0,5.2
45,370,12,0,0,38,1,400,43,0,12,0,0,0,10
44,400,12,0,0,40,1,204,42,0,11,0,0,0,8.5
36,360,16,0,0,40,1,300,34,0,14,0,0,0,7.5
55,1100,14,0,0,60,0,775,55,0,12,0,0,0,19.375
43,400,12,0,0,32,0,350,50,0,13,0,0,0,8.75
42,800,13,0,0,36,1,300,39,0,15,0,0,0,5
52,260,12,0,0,40,1,284,40,0,12,0,0,0,7.1
29,600,12,0,0,52,1,600,32,0,12,0,1,0,15
37,495,15,0,1,48,0,146,36,0,12,0,0,1,4.5625
39,286,12,0,0,40,0,440,35,0,12,0,0,0,11
42,480,12,1,0,40,1,436,40,1,12,0,1,0,10.9
54,900,12,0,0,43,0,500,55,0,12,0,0,0,12.5
42,950,18,0,0,40,0,350,36,0,18,0,0,1,17.5
51,900,18,1,0,40,0,668,43,0,18,0,0,0,16.7
58,637,9,0,0,40,0,237,59,0,12,0,0,0,5.925
53,800,18,0,0,40,0,500,53,0,18,0,0,0,12.5
43,280,12,0,0,40,0,152,53,0,8,0,1,0,3.8
43,725,10,0,0,47,1,300,42,0,15,0,0,0,12.5
45,316,12,1,0,60,0,308,42,1,12,0,0,0,7.7
36,563,15,0,0,40,0,1125,31,0,12,0,0,0,28.125
49,372,12,0,0,40,0,288,48,0,12,0,0,0,7.2
41,1250,17,0,0,40,1,950,39,0,13,0,0,0,23.75
42,400,12,1,0,48,1,340,36,1,13,0,0,0,8.5
48,200,15,0,0,30,0,114,43,0,13,0,1,0,5.7
43,360,15,0,0,40,1,600,42,0,18,0,0,0,12.5
41,1000,18,0,0,40,1,260,27,0,12,0,0,0,5.777778
48,900,17,0,0,60,1,450,50,0,15,0,0,0,9
46,1200,16,0,0,40,1,654,40,0,16,0,0,0,14.53333
53,344,12,0,0,40,0,175,49,0,12,0,0,0,8.333333
43,518,16,0,0,40,1,423,43,0,14,0,0,0,9.4
39,593,12,0,0,51,1,96,38,0,14,0,0,0,4.571429
49,550,12,0,0,40,0,320,47,0,12,0,0,1,8
45,600,12,0,0,56,0,320,42,0,12,0,0,0,8
32,600,18,0,0,45,0,600,29,0,18,0,0,0,12
42,400,12,0,0,40,0,640,43,0,12,0,0,0,16
27,470,14,0,1,40,0,400,24,0,12,1,0,1,10
35,500,12,0,0,40,1,350,35,0,12,0,0,0,8.75
30,512,16,0,0,45,0,400,26,0,16,0,0,1,10
55,460,13,0,0,60,0,292,44,0,12,0,0,0,7.3
53,340,12,0,0,47,0,198,50,0,12,0,0,0,4.95
40,690,14,0,0,43,1,765,37,0,14,0,0,0,19.125
27,400,12,0,0,55,0,350,29,0,12,0,0,1,8.75
50,210,18,0,0,60,0,1000,47,0,18,0,0,0,22.22222
61,360,12,0,0,30,0,240,51,0,10,0,1,0,6
29,488,13,1,0,50,0,309,26,1,16,0,0,1,7.725
45,280,12,0,0,48,0,385,46,0,9,0,1,0,9.625
34,450,12,0,0,60,0,495,30,0,12,0,0,0,11
21,280,10,0,0,40,0,270,20,0,12,0,0,0,6.75
37,280,12,1,0,32,1,170,37,1,12,0,0,0,5.3125
38,350,16,0,0,50,0,210,29,0,16,0,0,1,6
44,510,12,0,0,48,1,260,43,0,12,0,0,0,6.5
28,178,9,0,0,24,0,250,28,0,12,0,0,1,6.25
57,300,12,0,0,40,0,195,56,0,12,0,1,0,4.875
50,560,12,0,0,40,1,347,47,0,12,0,1,0,8.675
38,442,15,0,0,40,1,438,41,0,14,0,0,0,10.95
30,600,14,0,0,40,0,360,30,0,12,0,0,1,17.14286
29,366,12,1,0,60,0,290,26,1,14,0,1,1,7.25
32,800,16,0,0,40,1,800,31,0,16,0,0,0,20
37,280,18,0,0,50,0,390,37,0,18,0,0,0,8.666667
46,875,16,0,0,50,0,550,46,0,16,0,0,0,11
40,528,10,0,0,48,0,320,40,0,10,0,1,0,8
55,400,12,0,0,35,0,280,50,0,12,0,1,0,8
29,700,12,0,0,40,0,300,25,0,16,0,0,0,7.5
39,1346,16,0,0,50,0,372,39,0,15,0,0,0,8.266666
37,529,15,0,0,30,0,175,28,0,12,0,0,0,7
44,328,18,0,0,40,0,400,34,0,13,0,0,1,11.11111
38,800,16,0,0,50,1,640,37,0,18,0,0,0,14.22222
27,400,12,1,0,40,1,280,27,1,12,0,0,0,7
38,1923,17,0,0,45,0,300,37,0,16,0,0,0,6.666667
54,100,13,0,0,24,0,286,50,0,13,0,0,0,7.15
52,1100,18,0,0,40,1,692,50,0,18,0,0,0,19.77143
41,680,14,1,0,40,1,258,42,1,14,0,0,0,6.45
28,800,14,0,0,40,0,600,26,0,16,0,0,0,15
26,298,12,0,0,40,0,144,23,0,12,0,0,1,3.6
30,600,13,0,0,35,0,500,27,0,13,0,0,0,14.28571
55,1000,14,0,0,40,0,500,55,0,12,0,0,0,12.5
46,259,14,1,0,28,1,597,44,1,14,0,0,0,17.05714
49,279,12,0,0,55,0,520,48,0,13,0,0,0,13
39,800,16,0,0,60,1,455,36,0,13,0,0,0,9.1
44,692,17,0,0,60,0,962,44,0,17,0,0,0,24.05
50,517,12,0,0,32,0,467,49,0,10,0,1,0,11.675
38,725,16,0,0,40,0,600,35,0,16,0,0,0,12
34,310,12,1,0,40,0,425,32,1,15,0,0,1,10.625
57,500,12,0,0,40,0,220,56,0,14,0,0,0,6.875
35,400,12,0,0,32,1,268,34,0,13,0,0,0,6.7
29,400,12,0,0,40,0,322,26,0,14,0,0,0,8.05
53,200,18,0,0,40,0,100,52,0,16,0,0,0,5
39,300,12,0,0,40,1,440,39,0,12,0,0,0,11
31,451,10,0,0,46,0,323,45,0,12,0,0,0,7.177778
57,390,12,1,0,40,0,320,55,1,12,0,0,0,8
32,800,16,0,0,55,0,450,27,0,14,0,0,0,11.25
32,1000,16,0,0,40,0,480,35,0,16,0,1,1,15
51,440,12,0,0,40,0,500,46,0,12,0,0,0,11.11111
42,786,12,0,0,40,1,158,40,0,12,0,1,0,5.266667
29,368,12,0,0,30,0,620,30,0,16,0,0,1,15.5
24,400,14,0,0,30,1,294,31,0,13,0,0,0,7.35
29,399,10,0,1,38,0,548,28,0,15,1,0,0,13.7
25,425,13,0,0,38,0,210,23,0,13,0,0,0,5.25
34,768,12,0,0,48,1,260,40,0,12,0,0,0,6.5
28,400,12,0,0,40,0,400,31,0,12,0,1,1,8.888889
26,400,12,0,0,40,0,405,25,0,12,0,1,0,10.125
28,606,14,0,0,40,0,470,27,0,12,0,1,0,11.75
44,447,12,0,0,48,0,264,41,0,12,0,0,0,7.542857
39,750,16,0,0,40,0,255,32,0,12,0,0,1,6.375
38,379,12,0,0,50,0,195,32,0,13,0,0,1,9.75
43,400,16,0,0,40,0,335,38,0,16,0,0,1,8.375
55,750,17,0,0,24,0,336,56,0,16,0,0,0,14
59,500,7,0,0,50,1,126,55,0,10,0,0,0,4.5
43,800,16,0,0,40,0,850,38,0,17,0,0,0,21.25
29,460,16,1,0,38,0,350,29,1,16,0,0,1,8.75
61,900,14,0,0,40,0,210,58,0,15,0,0,0,10.5
54,1442,16,0,0,50,1,425,47,0,18,0,1,0,12.14286
36,615,12,0,0,40,1,807,37,0,12,0,0,0,20.175
43,1000,16,0,0,40,1,130,41,0,12,0,0,0,6.5
44,928,12,0,0,40,1,660,39,0,14,0,1,0,16.5
30,654,12,0,0,40,0,616,26,0,12,0,0,0,17.6
35,397,12,0,0,46,1,413,33,0,12,0,0,0,10.325
31,700,14,0,0,60,0,150,23,0,14,0,0,1,3.75
27,495,12,0,0,40,0,200,24,0,12,0,0,0,5
42,368,13,1,0,40,0,415,44,1,18,0,1,0,10.375
44,360,12,0,0,40,1,240,39,0,12,0,0,0,6
41,400,12,0,0,62,1,280,30,0,14,0,0,0,7
54,300,13,1,0,40,0,122,59,1,14,0,0,0,4.066667
36,460,12,0,0,40,1,128,35,0,12,0,0,0,5.333333
30,400,10,0,0,40,0,100,28,0,12,0,0,1,5
47,560,16,0,0,42,0,600,43,0,16,0,0,0,13.33333
46,1100,12,0,0,30,0,312,44,0,12,0,0,1,13
29,356,12,0,1,40,0,340,29,0,12,1,0,1,8.5
42,1000,16,0,0,55,0,635,44,0,17,0,0,0,15.875
46,350,16,0,0,40,0,425,43,0,12,0,0,0,10.625
33,520,16,0,0,40,0,264,33,0,16,0,0,1,5.5
42,720,14,0,0,40,0,400,41,0,14,0,0,0,10
45,400,18,0,0,40,1,656,45,0,18,0,0,0,16.4
27,550,10,0,0,44,0,371,25,0,12,0,0,1,9.275
31,250,12,0,0,40,0,246,31,0,18,0,0,0,7.028572
49,400,8,0,0,40,0,336,52,0,12,0,0,0,8.4
33,284,13,0,0,38,0,301,32,0,12,0,1,1,12.04
27,700,17,0,0,40,0,100,29,0,12,0,0,0,5
57,588,16,0,0,40,0,230,54,0,16,0,0,0,5.75
29,349,15,1,0,60,0,700,32,1,16,0,0,1,17.5
37,450,12,1,0,60,1,360,39,1,12,0,0,0,9
30,608,12,0,0,45,0,247,28,0,12,0,0,1,6.175
38,440,12,0,0,42,1,125,39,0,14,0,0,0,5
39,820,16,1,0,40,0,1000,43,1,16,0,0,1,25
57,1500,16,0,1,64,0,1100,51,0,16,0,0,0,27.5
34,810,12,0,0,60,0,480,32,0,12,0,0,1,12
46,734,12,0,0,43,1,945,43,0,13,0,0,0,21
35,440,12,1,0,40,0,328,31,1,14,0,0,1,8.2
45,528,10,0,0,40,1,266,45,0,6,0,0,0,6.65
35,500,12,0,0,40,0,300,41,0,15,0,0,0,7.5
49,800,12,0,0,40,0,260,48,0,12,0,0,0,6.5
24,310,12,0,0,30,0,300,23,0,12,0,0,1,7.5
27,600,15,0,0,40,0,410,26,0,15,0,0,1,10.25
29,1000,12,0,0,44,0,550,29,0,13,0,0,0,12.22222
22,800,9,0,0,50,0,700,30,0,12,0,0,0,14
42,575,13,0,0,40,1,156,34,0,15,0,0,0,6.24
34,335,8,0,1,42,0,335,32,0,6,1,1,1,8.375
30,750,15,0,0,56,0,535,31,0,13,0,0,1,13.375
40,388,12,0,0,40,0,484,41,0,12,0,0,0,12.1
45,363,12,0,0,40,1,581,43,0,13,0,0,0,14.525
54,650,15,0,0,35,0,138,54,0,15,0,0,0,4.928571
40,700,18,0,0,40,0,680,39,0,18,0,1,1,17
53,250,12,0,0,40,0,250,49,0,12,0,0,0,6.25
34,531,12,0,0,35,1,420,41,0,16,0,0,0,13.125
33,105,13,0,0,20,0,397,31,0,12,0,0,0,9.925
41,1759,16,1,0,48,1,300,41,1,16,0,0,0,7.5
50,326,12,0,0,40,0,298,49,0,12,0,1,0,8.514286
50,630,12,0,0,45,0,400,47,0,12,0,0,0,12.5
46,350,12,0,0,40,0,338,45,0,13,0,0,0,8.45
47,420,12,0,0,40,0,150,48,0,12,0,0,0,4.285714
39,757,12,0,0,37,1,158,40,0,13,0,0,0,5.266667
28,380,12,0,0,30,0,400,27,0,14,0,0,0,10
49,680,12,0,0,40,1,600,46,0,16,0,0,0,15
57,800,18,0,0,40,0,500,53,0,16,0,0,0,12.5
41,1008,18,0,0,60,1,449,35,0,14,0,0,0,11.225
45,577,16,0,0,40,1,190,45,0,12,0,0,0,5.428571
52,890,10,0,0,32,0,276,50,0,12,0,0,0,7.885714
30,600,16,0,0,55,0,360,29,0,16,0,0,1,7.2
36,400,12,0,0,30,0,280,27,0,12,0,0,0,7
44,850,12,0,0,50,1,380,43,0,12,0,0,0,10.85714
59,350,12,1,0,40,0,450,49,1,12,0,0,0,12.85714
35,380,11,0,1,40,1,260,44,0,12,1,0,0,6.5
37,800,16,0,0,65,0,611,38,0,16,0,1,1,15.275
29,603,12,0,0,40,0,600,22,0,12,0,0,0,15
32,456,14,0,0,48,0,320,31,0,12,0,0,1,8
37,800,12,0,0,48,0,550,28,0,14,0,0,1,13.75
39,1165,18,0,0,65,1,576,34,0,12,0,0,0,23.04
33,1080,13,0,0,24,0,543,31,0,12,0,0,1,12.92857
24,316,12,0,0,40,0,358,31,0,13,0,0,1,8.95
32,825,16,0,0,40,0,850,32,0,16,0,1,1,18.88889
39,1200,15,0,0,60,0,440,41,0,14,0,0,1,22
41,244,14,0,1,60,0,433,34,0,16,1,1,1,12.37143
28,830,12,0,0,58,0,520,28,0,12,0,0,1,13
36,590,16,0,0,32,0,559,35,0,16,0,0,0,13.975
43,563,13,0,0,40,1,200,42,0,14,0,0,0,5
34,500,12,0,0,60,1,250,39,0,12,0,0,0,6.25
49,1000,18,0,0,40,0,400,48,0,14,0,0,0,10
55,557,10,0,0,40,0,264,46,0,12,0,0,0,6.6
31,750,12,0,1,48,0,750,30,0,15,0,0,1,20.83333
52,1000,17,0,0,50,1,700,51,0,17,0,1,0,21.875
27,360,11,0,0,40,0,203,28,0,12,0,0,1,5.638889
37,800,14,0,0,40,1,350,35,0,12,0,0,0,7.291667
32,765,12,0,0,55,0,650,32,0,12,0,0,0,18.57143
36,210,12,0,0,31,1,135,37,0,10,0,0,0,4.5
42,550,12,0,1,40,0,250,37,0,10,1,0,0,6.25
38,500,12,0,1,45,0,380,31,0,12,0,0,1,9.5
28,500,14,0,0,40,0,350,27,0,16,0,1,0,7.777778
51,720,13,0,0,40,0,90,48,0,13,0,0,1,4.5
34,360,12,0,0,40,1,171,34,0,15,0,0,0,5.34375
33,940,16,0,0,55,1,110,33,0,13,0,0,0,4.583333
43,500,13,0,0,40,1,200,38,0,12,0,0,0,5
43,250,16,0,0,40,1,120,40,0,16,0,0,0,4.285714
35,425,11,0,0,40,1,400,30,0,12,0,0,0,10
49,1212,13,0,0,50,0,418,49,0,12,0,0,0,10.45
50,533,12,0,0,40,0,800,49,0,14,0,0,0,30.76923
49,1100,13,0,0,47,0,600,44,0,13,0,1,0,15
48,500,12,0,0,60,1,85,33,0,13,0,0,0,3.4
37,460,12,0,0,40,1,294,35,0,13,0,0,0,6.533333
38,308,12,0,0,32,0,378,42,0,15,0,1,1,9.45
49,700,18,0,0,40,0,350,40,0,12,0,1,0,8.75
49,900,13,0,0,40,0,280,57,0,12,0,0,0,7
44,584,14,0,0,40,1,750,41,0,12,0,0,0,18.75
36,1000,18,0,0,40,1,450,37,0,18,0,1,0,11.25
62,644,18,0,0,40,0,368,53,0,12,0,0,0,9.2
30,870,12,0,0,40,0,525,28,0,15,0,0,1,14.58333
44,500,18,0,0,60,1,535,40,0,18,0,0,0,11.88889
32,370,12,0,0,45,0,423,30,0,12,0,0,1,10.575
34,900,18,0,0,40,1,800,34,0,18,0,0,0,13.33333
52,692,14,0,0,40,0,650,53,0,12,0,0,0,16.25
38,353,12,0,0,50,1,210,44,0,9,0,0,0,5.25
38,1035,13,0,0,50,1,380,35,0,12,0,0,0,9.5
50,687,12,0,0,40,0,401,39,0,12,0,1,0,10.025
41,450,12,1,0,24,1,160,41,1,9,0,0,0,4
35,400,12,0,0,60,1,210,34,0,12,0,0,0,8.75
48,560,9,0,1,40,0,152,45,0,9,1,1,0,4.342857
56,330,7,0,0,40,1,160,36,0,12,0,0,0,5.714286
38,504,12,1,0,42,1,300,37,1,16,0,1,0,7.5
40,500,12,0,0,40,0,85,38,0,12,0,0,1,3.541667
46,903,16,0,0,50,0,232,45,0,12,0,0,0,6.628572
45,461,12,0,0,40,0,730,43,0,17,0,1,0,18.25
42,655,13,0,1,50,1,190,43,0,13,1,0,0,9.5
23,425,12,0,0,32,0,226,25,0,12,0,0,1,5.65
48,800,10,0,0,50,1,475,40,0,12,0,0,0,10.55556
25,520,12,0,0,40,0,540,27,0,12,0,0,0,21.6
35,360,16,0,0,40,0,420,27,0,16,0,0,0,10.5
39,1045,12,0,0,50,0,595,36,0,14,0,0,0,14.875
34,480,15,0,0,40,1,320,29,0,12,0,0,0,8
40,646,14,0,0,39,1,191,38,0,13,0,0,0,6.366667
27,419,12,0,0,36,0,168,26,0,12,0,0,1,4.2
44,611,12,0,0,52,1,340,35,0,14,0,0,0,8.5
46,690,17,1,0,40,0,730,37,1,16,0,0,0,18.25
57,450,12,0,0,43,0,503,53,0,12,0,0,0,12.575
49,600,12,0,0,40,0,485,51,0,12,0,0,0,12.125
40,620,18,0,0,60,0,500,37,0,14,0,0,0,14.28571
23,375,14,0,0,45,0,275,22,0,13,0,0,0,6.875
43,600,11,1,0,40,1,450,42,1,12,0,1,0,11.25
61,150,13,0,0,25,0,191,52,0,12,0,0,0,6.366667
36,154,18,0,0,45,0,420,43,0,13,0,0,0,10.5
44,1000,16,0,0,50,1,560,43,0,16,0,0,0,14
55,315,15,0,0,50,0,283,54,0,12,0,0,0,5.053571
42,700,18,0,0,38,0,558,39,0,16,0,0,1,13.95
44,700,16,0,0,45,1,250,37,0,16,0,0,0,7.142857
42,500,15,0,0,65,1,225,37,0,12,0,0,0,7.03125
43,500,16,0,0,40,1,211,42,0,12,0,0,0,8.791667
41,1250,16,0,1,40,0,850,35,0,16,0,0,1,21.25
40,552,12,0,0,48,1,225,35,0,12,0,0,0,5.625
56,720,12,0,0,40,0,284,51,0,12,0,0,0,7.1
33,960,16,0,0,50,0,327,27,0,14,0,0,0,8.175
58,750,18,0,0,40,0,325,55,0,18,0,0,0,8.125
43,425,12,0,0,40,1,410,41,0,13,0,0,0,10.25
55,1923,15,0,0,52,0,500,56,0,13,0,0,0,14.28571
51,470,14,0,0,40,0,440,44,0,13,0,0,0,11
36,900,16,0,0,60,1,360,35,0,16,0,1,0,13.33333
43,100,14,0,1,20,0,600,45,0,18,0,1,0,24
43,385,16,0,0,40,1,543,40,0,18,0,0,0,13.575
30,500,16,1,0,48,0,248,28,1,15,0,0,1,6.2
59,461,12,0,0,40,0,229,53,0,12,0,0,0,6.542857
46,1150,18,0,0,35,1,600,43,0,18,0,1,0,24
41,513,13,0,0,50,1,546,41,0,12,0,0,0,13.65
33,800,16,0,0,40,0,900,27,0,16,0,0,0,18
40,400,17,0,0,40,0,500,37,0,18,0,1,1,12.5
38,393,12,0,0,40,0,130,29,0,12,0,0,1,3.25
34,500,12,0,0,50,0,240,32,0,14,0,0,1,8.571428
30,680,12,0,0,35,0,350,32,0,12,0,0,0,8.75
31,1923,18,0,0,40,0,865,36,0,16,0,0,1,24.71428
51,700,18,0,0,60,0,475,52,0,12,0,1,0,11.875
33,700,17,1,0,40,0,480,33,1,16,0,0,0,10.66667
49,1154,18,0,0,40,1,284,42,0,12,0,0,0,7.1
45,600,12,0,0,55,1,312,39,0,12,0,0,0,7.8
27,320,12,0,0,40,0,356,38,0,12,0,0,0,8.9
45,400,12,0,0,40,1,256,42,0,12,0,1,0,9.142858
52,907,14,0,0,40,1,1000,50,0,12,0,0,0,25
32,430,12,0,0,40,0,356,33,0,14,0,1,1,8.9
32,430,12,0,0,40,0,356,33,0,14,0,1,1,8.9
39,615,12,0,0,60,1,150,30,0,12,0,0,0,6
32,190,12,0,0,40,0,240,32,0,12,0,0,1,6
28,750,16,0,0,40,0,225,27,0,16,0,0,1,9.375
37,360,12,0,0,40,0,288,30,0,14,0,0,0,7.2
27,476,12,0,0,40,0,240,27,0,12,0,0,0,6
49,88,9,0,1,40,1,395,34,0,12,0,0,0,9.875
55,360,12,0,0,40,1,612,45,0,12,0,0,0,15.3
33,400,16,0,0,40,1,300,30,0,14,0,0,0,7.5
35,597,13,0,0,45,1,420,32,0,12,0,1,0,10.5
24,500,13,0,0,40,0,184,28,0,12,0,0,1,4.6
38,450,18,1,0,40,0,200,30,1,15,0,0,1,5
33,1200,12,0,0,58,1,220,31,0,15,0,0,0,5.5
43,400,18,0,0,40,1,400,47,0,16,0,1,0,10
29,325,16,0,0,40,0,450,27,0,16,0,0,0,11.25
31,372,12,0,0,48,0,275,25,0,14,0,0,1,7.857143
31,602,12,0,0,54,1,304,33,0,12,0,0,0,6.08
29,540,13,1,0,40,0,200,28,1,12,0,0,0,8
48,706,12,0,0,45,0,385,46,0,12,0,0,0,8.555555
49,890,12,0,0,60,0,100,48,0,12,0,1,0,5
38,400,14,0,0,40,1,250,38,0,14,0,0,0,6.25
36,456,13,0,0,52,1,160,35,0,12,0,1,0,8
29,515,14,0,0,55,0,250,29,0,14,0,0,0,6.25
28,420,16,0,0,50,0,175,23,0,15,0,0,1,5
56,750,17,0,0,40,0,275,54,0,16,0,0,0,6.875
31,500,16,0,0,66,0,600,32,0,16,0,0,0,15
51,640,12,0,0,40,0,228,50,0,12,0,0,0,9.12
33,520,12,0,0,40,1,200,42,0,12,0,0,0,5
38,1000,18,0,0,50,0,1000,31,0,18,0,0,0,20
39,443,11,0,0,40,0,443,38,0,12,0,1,1,11.075
45,680,16,1,0,40,1,520,49,1,14,0,1,0,13
34,600,12,0,0,40,0,175,31,0,12,0,0,1,7
55,800,18,0,0,50,1,125,39,0,17,0,0,0,3.125
45,617,12,0,0,40,1,400,41,0,14,0,1,0,10
44,558,12,0,0,50,1,250,38,0,12,0,0,0,8.333333
43,865,15,0,0,45,1,654,45,0,18,0,1,0,14.53333
26,400,12,0,0,60,0,200,31,0,12,0,0,0,5.714286
50,320,9,0,0,40,0,450,51,0,12,0,1,0,9
55,329,14,0,0,32,1,720,48,0,18,0,1,0,16
43,999,18,0,0,45,0,1119,44,0,18,0,0,0,24.86667
23,420,12,0,0,58,0,128,20,0,13,0,0,0,4.266667
42,420,13,1,0,50,1,580,42,1,16,0,0,0,14.5
41,320,12,0,0,40,1,360,43,0,12,0,0,0,8
30,650,12,0,0,32,0,470,30,0,12,0,0,1,9.4
39,400,12,0,0,45,1,327,37,0,12,0,0,0,8.175
36,750,16,0,0,60,0,250,36,0,16,0,0,0,6.25
57,850,14,0,0,40,0,250,51,0,12,0,0,0,7.142857
36,428,12,0,0,38,0,600,36,0,12,0,1,0,17.14286
46,923,18,0,0,50,1,350,42,0,14,0,0,0,8.75
55,1000,18,0,0,48,0,350,54,0,12,0,0,0,8.75
41,325,12,0,0,45,1,400,39,0,12,0,0,0,10
28,450,9,0,0,40,0,270,27,0,12,0,0,1,6.75
27,576,18,0,0,40,0,520,26,0,16,0,0,0,13
32,625,16,0,0,48,0,500,30,0,16,0,0,1,12.5
31,605,16,0,0,40,1,605,31,0,14,0,0,0,15.125
41,292,12,0,0,40,1,240,38,0,12,0,0,0,6
47,600,13,0,1,40,1,350,45,0,12,1,0,0,8.75
37,800,14,0,0,60,0,500,29,0,12,0,0,0,12.5
33,439,13,0,0,40,1,131,26,0,15,0,0,0,6.55
27,383,16,0,0,38,0,357,35,0,12,0,0,0,10.2
47,615,12,0,0,50,0,350,41,0,12,0,0,1,8.75
26,359,16,0,0,55,0,609,26,0,14,0,0,0,15.225
42,900,13,0,0,45,1,258,38,0,12,0,0,0,6.45
40,1000,16,0,0,40,1,600,40,0,18,0,0,0,15
43,600,12,0,0,50,0,400,43,0,10,0,0,0,6.060606
38,360,12,1,0,40,1,170,33,1,12,0,0,0,4.25
32,404,18,0,0,40,0,1154,34,0,16,0,0,0,25.64444
26,320,16,0,0,40,0,346,25,0,16,0,0,0,8.65
27,584,12,0,0,40,0,450,25,0,14,0,1,0,11.25
44,350,12,1,0,25,1,184,45,1,12,0,0,0,4.6
55,1024,18,0,0,47,0,410,56,0,12,0,1,0,11.71429
27,360,12,0,0,40,0,300,25,0,17,0,1,0,6.666667
58,450,8,0,0,40,0,182,54,0,12,0,0,0,5.6875
38,400,12,0,0,50,0,445,37,0,17,0,0,1,9.888889
39,480,12,0,0,36,1,300,37,0,12,0,0,0,7.5
29,350,12,0,0,52,0,274,27,0,12,0,0,1,6.85
45,812,14,0,0,33,1,180,43,0,12,0,0,0,6
31,593,16,0,0,48,1,278,39,0,16,0,0,0,8.6875
26,379,12,0,0,48,0,379,26,0,12,0,0,0,9.475
33,481,12,0,0,40,0,493,31,0,12,0,1,1,12.325
45,1000,18,0,0,40,1,230,52,0,13,0,0,0,7.1875
53,480,12,0,0,40,0,340,41,0,18,0,0,0,8.5
39,700,13,0,0,40,1,570,34,0,12,0,0,0,14.25
25,250,16,0,0,55,0,450,25,0,16,0,0,0,11.25
29,678,16,0,0,48,0,313,33,0,13,0,0,1,9.78125
50,680,12,0,0,40,0,420,47,0,14,0,0,0,12
50,245,12,1,0,46,0,218,50,1,12,0,0,0,6.228571
59,856,12,0,0,40,0,880,59,0,12,0,0,0,22
55,800,10,0,0,40,0,192,52,0,12,0,0,0,6.857143
31,462,12,0,0,40,0,261,29,0,9,0,0,1,6.525
47,300,10,1,0,40,0,321,48,1,12,0,0,0,8.025
26,275,16,0,0,40,0,300,24,0,12,0,0,0,7.5
25,560,12,0,0,40,0,400,24,0,12,0,0,0,10
47,500,12,0,1,40,0,500,42,0,13,1,0,1,12.5
30,1000,18,0,0,40,0,800,28,0,16,0,0,0,20
41,750,12,0,0,40,0,550,28,0,12,0,0,0,13.75
39,800,12,0,0,40,1,625,40,0,12,0,0,0,15.625
52,1200,16,0,0,45,0,264,50,0,13,0,0,0,11
33,400,12,0,0,55,0,256,29,0,12,0,0,1,6.4
37,600,12,0,0,40,1,403,34,0,12,0,1,0,11.51429
32,352,12,0,0,40,0,300,32,0,12,0,0,1,7.5
35,300,12,0,0,24,0,283,33,0,12,0,0,0,5.053571
51,1200,16,0,0,45,0,1000,50,0,16,0,1,0,28.57143
41,400,17,0,0,50,0,390,29,0,17,0,1,1,6.5
46,640,10,0,0,40,0,420,44,0,12,0,1,0,10.5
39,437,12,0,0,40,1,584,44,0,12,0,1,0,14.6
41,180,13,0,0,34,1,276,38,0,14,0,0,0,6.9
44,446,12,0,1,40,1,395,48,0,14,1,1,0,9.875
46,388,16,0,0,40,1,640,47,0,16,0,0,0,16
55,615,16,0,0,40,0,350,54,0,16,0,0,0,10
31,1000,17,0,0,40,0,195,59,0,16,0,0,1,6.5
58,600,14,0,0,40,0,1000,30,0,18,0,1,0,41.66667
31,320,12,0,0,50,1,255,30,0,12,0,0,0,6.375
26,650,12,0,0,40,0,125,25,0,12,0,0,1,5
38,700,18,0,0,48,0,590,33,0,14,0,0,1,13.11111
31,430,12,0,0,50,0,400,27,0,16,0,0,1,10
40,865,18,0,0,40,1,255,41,0,16,0,0,0,8.5
29,300,12,0,0,60,0,230,25,0,15,0,0,1,5.75
30,475,12,0,1,62,1,157,32,0,12,1,0,0,3.738095
59,700,12,0,0,40,0,380,59,0,14,0,0,0,8.444445
35,390,12,0,0,40,0,201,28,0,12,0,0,0,5.742857
49,560,12,0,0,40,0,480,48,0,12,0,0,0,12
39,1275,18,0,0,50,1,452,40,0,16,0,0,0,15.06667
35,300,12,0,0,40,1,325,33,0,12,0,0,0,8.125
43,440,13,0,0,40,0,318,32,0,12,0,0,0,7.95
37,750,12,0,0,40,1,200,36,0,12,0,0,0,5.714286
23,425,7,0,0,40,0,158,27,0,12,0,0,1,5.266667
51,810,14,0,0,36,0,453,48,0,16,0,0,0,18.875
53,440,8,0,0,40,1,185,47,0,12,0,0,0,6.166667
27,500,18,0,0,50,0,338,26,0,17,0,0,0,8.45
42,324,14,0,0,45,0,530,44,0,13,0,0,0,13.25
40,500,16,0,0,45,0,500,35,0,16,0,1,1,12.5
59,1900,12,0,0,40,0,450,54,0,12,0,0,0,11.25
44,354,12,0,0,55,1,280,39,0,12,0,0,0,7
46,360,6,0,1,40,1,150,42,0,9,1,0,0,7.5
34,500,12,0,0,40,1,200,31,0,12,1,0,0,8.333333
40,1000,16,0,0,40,1,2884.5,42,0,16,0,0,0,48.075
57,500,12,0,0,40,0,250,54,0,11,0,0,0,6.25
58,720,14,0,0,40,0,400,52,0,16,0,1,0,11.42857
32,700,16,0,0,40,0,220,29,0,16,0,0,1,9.166667
39,400,13,0,0,36,1,149,36,0,11,0,0,0,6.208333
43,560,12,0,0,40,1,456,38,0,12,0,1,0,11.4
53,895,16,0,0,47,0,448,47,0,13,0,0,0,11.2
49,624,14,0,0,45,1,100,50,0,18,0,0,0,4.761905
36,661,15,0,0,50,1,340,35,0,14,0,1,0,9.714286
43,1923,18,0,0,20,1,577,42,0,18,0,0,0,24.04167
33,900,14,0,0,50,0,900,40,0,18,0,0,1,18
43,300,14,0,0,41,1,106,39,0,13,0,0,0,4.24
50,600,14,0,0,40,0,300,49,0,18,0,0,0,7.5
40,1231,18,0,0,65,0,270,44,0,17,0,1,1,13.5
58,216,18,0,0,60,0,404,58,0,18,0,0,0,10.1
52,560,14,0,0,40,0,440,51,0,14,0,0,0,11
49,520,12,0,0,40,1,168,44,0,9,0,0,0,6.72
46,750,12,0,0,55,1,754,43,0,15,0,1,0,18.85
25,425,11,0,0,62,1,242,34,0,12,0,0,0,6.05
29,440,12,0,0,41,0,405,28,0,12,0,0,1,10.125
36,500,16,1,0,50,0,559,36,1,16,0,1,1,15.97143
35,760,16,1,0,38,0,500,33,1,16,0,0,1,12.5
50,1250,17,0,0,45,0,1154,43,0,14,0,0,0,23.08
29,300,14,0,0,40,1,291,30,0,12,0,0,0,7.275
37,400,16,0,0,40,1,400,38,0,16,0,0,0,10
58,962,16,0,0,40,0,249,57,0,12,0,0,0,6.225
34,500,12,0,0,50,1,550,34,0,12,0,0,0,15.71429
32,400,11,0,0,30,1,188,30,0,12,0,0,0,4.7
29,304,12,0,0,48,0,152,29,0,12,0,0,0,4.342857
40,1000,18,0,0,60,1,140,41,0,18,0,0,0,7
42,450,12,1,0,40,0,320,40,1,12,0,0,0,9.142858
52,1923,18,0,0,44,0,171,53,0,17,0,0,0,8.55
46,550,12,0,0,40,0,272,45,0,12,0,0,0,7.771429
26,900,16,0,0,40,0,700,26,0,14,0,0,0,17.5
52,800,13,0,0,55,0,260,50,0,12,0,0,0,6.5
36,1057,15,0,0,46,0,450,36,0,15,0,0,0,11.25
27,200,12,1,0,40,0,210,26,1,12,0,0,1,5.25
30,1000,16,0,0,50,0,175,28,0,16,0,0,0,7.291667
57,1000,14,0,0,20,0,781,55,0,16,0,1,0,19.525
52,1100,18,0,0,40,1,692,50,0,18,0,0,0,19.77143
